行政區,主題,景點名稱,簡介,地址,門票,開放時間-一,開放時間-二,開放時間-三,開放時間-四,開放時間-五,開放時間-六,開放時間-日
北投,宗教與古蹟,北投文物館,北投文物館建於１９２１年。當時係北投地區最高級的「佳山溫泉旅館」。現存有臺灣原住民族文物一千餘件，以及以閩、客為主的漢民族文物共三千餘件。,臺北市北投區幽雅路32號,120,不開放,10:00 – 18:00,10:00 – 18:00,10:00 – 18:00,10:00 – 18:00,10:00 – 18:00,10:00 – 18:00
北投,宗教與古蹟,關渡宮,台北市關渡宮擁有三百多年歷史，主祀天上聖母媽祖，是北台灣地區最早的媽祖廟，而除了參拜天上聖母媽祖與諸神明外，來到這裡還可以觀賞許多珍貴的古蹟文物以及豐富的宮廟建築藝術。,臺北市北投區知行路360號,無,06:00 – 21:00,06:00 – 21:00,06:00 – 21:00,06:00 – 21:00,06:00 – 21:00,06:00 – 21:00,06:00 – 21:00
北投,宗教與古蹟,農禪寺,農禪寺位於台北市大業路附近，以水月道場及金剛經牆聞名，大殿簡約隆重，前面的水池在不同光影下，能倒映出不同的景色，正呼應當初「空中花，水中月」的設計構想，一旁則留有開山農舍及入慈悲門等歷史建築。,臺北市北投區大業路65巷89號,無,09:00 – 17:00,09:00 – 17:00,09:00 – 17:00,09:00 – 17:00,09:00 – 17:00,09:00 – 17:00,09:00 – 17:00
北投,宗教與古蹟,北投溫泉博物館,這座早在日據時代就享有盛名的溫泉公共浴場，有著英國都鐸時期的鄉村建築風格，沉穩的紅色磚牆與黑色的瓦與綠蔭相稱，搭配著空氣中淡淡的溫泉味，昔日的氤氳時光，彷彿就在眼前重現。,臺北市北投區中山路二號,無,不開放,09:00 – 17:00,09:00 – 17:00,09:00 – 17:00,09:00 – 17:00,09:00 – 17:00,09:00 – 17:00
北投,宗教與古蹟,新北投車站,新北投車站為舊台鐵北淡線僅存的百年車站，廢線之後站體曾被遷移至彰化的台灣民俗村，於２０１７年運回新北投原址附近重新開幕，為日治時期留存之木造建築中，少數採用哥德式構架者。,臺北市北投區七星街1號,無,不開放,10:00 – 18:00,10:00 – 18:00,10:00 – 18:00,10:00 – 20:30,10:00 – 20:30,10:00 – 20:30
北投,宗教與古蹟,前日軍衛戍醫院北投分院,日軍衛戍醫院北投分院為日據初期利用北投溫泉所建之軍用療養所，其大型日式建築物現況完整，正門依然保有當年的氣派，前後廊亦為其主要特色，周圍庭院寬廣，古木參天，整體環境保存良好。,臺北市北投區中心街1號,50,不開放,13:30 – 16:30,13:30 – 16:30,13:30 – 16:30,13:30 – 16:30,09:00 – 12:00,09:00 – 12:00
北投,宗教與古蹟,北投神社原址,現為凱達格蘭文化館，內設原住民歷史相關文化展覽。而北投神社原址已無痕跡，仍有?犬一對，在北投逸仙國小。,臺北市北投區中山路3-1號,無,不開放,09:00 – 17:00,09:00 – 17:00,09:00 – 17:00,09:00 – 17:00,09:00 – 17:00,09:00 – 17:00
北投,休閒與生態,關渡自然公園,關渡自然公園位處淡水河及基隆河的交會口，自古以來，即是重要的候鳥棲地，園方經常舉辦濕地環境教育活動展示如主題特展、假日講座、親子ＤＩＹ教室、營隊等。除了保持濕地自然環境之外，也提供市民及遊客體驗自然、假日休閒的好去處。,臺北市北投區關渡路55號,60,不開放,09:00 – 17:00,09:00 – 17:00,09:00 – 17:00,09:00 – 17:00,09:00 – 17:00,09:00 – 17:00
北投,休閒與生態,地熱谷,地熱谷位在北投溫泉公園旁邊，是北投溫泉的源頭之一，因為終年瀰漫著硫磺煙霧，讓人聯想到恐怖的地獄，所以又被稱為「地獄谷」或「鬼湖」。,臺北市北投區溫泉路,無,不開放,09:00 – 17:00,09:00 – 17:00,09:00 – 17:00,09:00 – 17:00,09:00 – 17:00,09:00 – 17:00
北投,休閒與生態,小油坑,小油坑為一處後火山活動地質景觀區，以「後火山作用」所形成之噴氣孔、硫磺結晶、溫泉及壯觀的崩塌地形最具特色。除此之外，這裡的眺望平台還可遠眺竹子山、大屯山、七星山與小觀音山等火山錐體。,臺北市北投區竹子湖路69號,無,全日開放,全日開放,全日開放,全日開放,全日開放,全日開放,全日開放
北投,休閒與生態,北投露天溫泉,北投露天溫泉又稱作「千禧湯」，園區泉水源頭來自地熱谷，屬於一般人俗稱的青磺泉，現場有公告泡湯守則，而且有入池要穿泳裝，淋浴後再入池的規定。這裡每天開放六個場次，時間跟相關資訊可上公園處網站查詢。,臺北市北投區中山路6號,40,05:30 – 22:00,05:30 – 22:00,05:30 – 22:00,05:30 – 22:00,05:30 – 22:00,05:30 – 22:00,05:30 – 22:00
北投,休閒與生態,關渡自行車道,穿越關渡平原的自行車道，沿途保留了都會臺北極其珍貴的稻香田園，連結起河口紅樹林自然保護區，能夠體會早年農村氛圍的樸素簡單、踏實自在。,臺北市北投區,無,全日開放,全日開放,全日開放,全日開放,全日開放,全日開放,全日開放
北投,休閒與生態,竹子湖,竹子湖位於陽明山國家公園核心區。兩百年前漢人初到此地開墾時，因見土地泥濘且遍地竹林，於是稱此為竹子湖。海芋季期間（２／２７至４／１７），及五月下旬盛開的紫藍色繡球花，相當適合拍照留念。,臺北市北投區竹子湖路52號,無,全日開放,全日開放,全日開放,全日開放,全日開放,全日開放,全日開放
北投,休閒與生態,洲美蜆仔港公園,洲美蜆仔港公園，是一座兼顧滯洪、休憩與生態的濕地公園，園區可一邊欣賞河道之草澤溼地生態，並可遠眺七星山及大屯山系之壯麗山形，公園設施含賞景曲徑、親水平台、人行拱橋、休憩廊架、賞遊散步環道等設施。,臺北市北投區承德路六段329號,無,全日開放,全日開放,全日開放,全日開放,全日開放,全日開放,全日開放
北投,休閒與生態,軍艦岩,軍艦岩為大屯山系的著名山嶺，嶺上突出的巨岩聳立在層層山巒間，乍看之下如同海上艦艇，因此得名軍艦岩。自頂上向右眺望可欣賞士林到北投的稜線、地景風光。,臺北市北投區陽明大學「動物中心」東側步行約50分鐘抵登山口,無,全日開放,全日開放,全日開放,全日開放,全日開放,全日開放,全日開放
北投,休閒與生態,湖山國小,位在陽明山內的湖山國小，具得天獨厚的自然生態，以擁有溫泉泡腳池聞名，加上樹屋、沙坑、磨石溜滑梯等純樸遊具特色遊戲場，使得湖山國小成為親近自然、找悠閒的好去處。,臺北市北投區湖底路11號,無,不開放,不開放,不開放,不開放,不開放,09:00 – 17:00,09:00 – 17:00
北投,休閒與生態,貴子坑親山步道,貴子坑是個有特殊地質景觀的小山谷、五指山層的古老地層。早期因開採過度，導致水土失衡，因此當時被稱『鬼子坑』。經整治規劃，現在貴子坑區擁有露營場、水土保持教學園區及環山步道，是一座最佳的戶外地質教室。,臺北市北投區秀山路159巷,無,全日開放,全日開放,全日開放,全日開放,全日開放,全日開放,全日開放
北投,休閒與生態,關渡碼頭,關渡碼頭位於關渡自然公園及關渡宮旁，每當假日或夜晚均可見遊客駐足關渡碼頭週邊散步，亦有許多單車族由八里經關渡大橋前來，或由淡水前來，沿途風光明媚，是一處極佳的賞景地點。,臺北市北投區關渡碼頭,無,全日開放,全日開放,全日開放,全日開放,全日開放,全日開放,全日開放
北投,休閒與生態,臺北藝術大學,台北藝術大學擁有俯瞰關渡平原的遼闊視野，獨樹一格的校內建築，沿坡而上，校舍則採紅磚、灰牆與黑瓦屋頂，並加上裝飾的線條，隨處可見的裝置藝術品打造出特殊的風格意象，每個角落都可以看到藝術在生活中的流動痕跡。,臺北市北投區學園路1號,無,全日開放,全日開放,全日開放,全日開放,全日開放,全日開放,全日開放
北投,商圈,北投市場,北投中央市場主體建築有兩層樓，歷史悠久，具寬闊的賣場空間，進駐各類攤商，青菜蔬果齊全，南北雜貨便宜，鮮蚵、米糕及滷肉飯等小吃都非常出名，獨有的飲茶文化更是一絕。北投市場不僅是台北市最大的公有市場，也是北投人的生活中心。,臺北市北投區新市街30號,無,不開放,06:00 – 18:00,06:00 – 18:00,06:00 – 18:00,06:00 – 18:00,06:00 – 18:00,06:00 – 18:00
北投,商圈,石牌商圈,商圈範圍大致上為石牌路二段與裕民六路之間，有許多美食小吃，十分熱鬧，為石牌人重要的生活區域。,臺北市北投區石牌路二段90巷20號,無,07:00 – 24:00,07:00 – 24:00,07:00 – 24:00,07:00 – 24:00,07:00 – 24:00,07:00 – 24:00,07:00 – 24:00
北投,商圈,ＢＡＤOU新北投文創天地,台灣唯一以溫泉為主題，提供美食、美學、美藝三大特點，串連北投在地文化的商店街，除了有知名美食、文創商品和伴手禮之外，還有每月主題活動、街頭藝人表演，想體驗不一樣的新北投之旅，先來看看這裡有什麼吧,臺北市北投區七星街2號,無,11:00 – 23:30,11:00 – 23:30,11:00 – 23:30,11:00 – 23:30,11:00 – 23:30,11:00 – 23:30,11:00 – 23:30
北投,商圈,新北投攤販集中場(復興市場),據有歷史的傳統菜市場，是新北投居民採購新鮮食材的好選擇,臺北市北投區復興四路8巷,無,不開放,06:00 – 14:00,06:00 – 14:00,06:00 – 14:00,06:00 – 14:00,06:00 – 14:00,06:00 – 14:00
北投,藝文與文化,北投圖書館,臺北市立圖書館北投分館是臺灣首座綠建築圖書館，室內書香，戶外鳥語，相映成趣。座落於在綠意盎然的北投公園內，讓閱讀成了一件愜意、享受的活動。,臺北市北投區光明路251號,無,09:00 – 17:00,08:30 – 21:00,08:30 – 21:00,08:30 – 21:00,08:30 – 21:00,08:30 – 21:00,09:00 – 17:00
北投,藝文與文化,北投文物館,北投文物館建於１９２１年。當時係北投地區最高級的「佳山溫泉旅館」。現存有臺灣原住民族文物一千餘件，以及以閩、客為主的漢民族文物共三千餘件。,臺北市北投區幽雅路32號,120,不開放,10:00 – 18:00,10:00 – 18:00,10:00 – 18:00,10:00 – 18:00,10:00 – 18:00,10:00 – 18:00
北投,藝文與文化,北投溫泉博物館,這座早在日據時代就享有盛名的溫泉公共浴場，有著英國都鐸時期的鄉村建築風格，沉穩的紅色磚牆與黑色的瓦與綠蔭相稱，搭配著空氣中淡淡的溫泉味，昔日的氤氳時光，彷彿就在眼前重現。,臺北市北投區中山路二號,無,不開放,09:00 – 17:00,09:00 – 17:00,09:00 – 17:00,09:00 – 17:00,09:00 – 17:00,09:00 – 17:00
北投,藝文與文化,新北投車站,新北投車站為舊台鐵北淡線僅存的百年車站，廢線之後站體曾被遷移至彰化的台灣民俗村，於２０１７年運回新北投原址附近重新開幕，為日治時期留存之木造建築中，少數採用哥德式構架者。,臺北市北投區七星街1號,無,不開放,10:00 – 18:00,10:00 – 18:00,10:00 – 18:00,10:00 – 20:30,10:00 – 20:30,10:00 – 20:30
北投,藝文與文化,前日軍衛戍醫院北投分院,日軍衛戍醫院北投分院為日據初期利用北投溫泉所建之軍用療養所，其大型日式建築物現況完整，正門依然保有當年的氣派，前後廊亦為其主要特色，周圍庭院寬廣，古木參天，整體環境保存良好。,臺北市北投區中心街1號,50,不開放,13:30 – 16:30,13:30 – 16:30,13:30 – 16:30,13:30 – 16:30,09:00 – 12:00,09:00 – 12:00
北投,藝文與文化,中心新村,中心新村是台北市唯一完整保存的眷村，位於新北投山麓，具有溫泉公共浴室，國民政府來台，成立北投療養所與陸軍醫院，醫院裡的軍醫與相關員工與眷屬就在此居住，形成了特別的眷村聚落文化。,臺北市北投區新民路46巷37號,無,不開放,10:00 – 18:00,10:00 – 18:00,10:00 – 18:00,10:00 – 18:00,10:00 – 18:00,10:00 – 18:00
北投,藝文與文化,梅庭,梅庭建於１９３０年代末，曾是「一代草聖」于右任先生的避暑別館，現為市定歷史性建築。建物格式特殊並保有日式木構架建築風格。,臺北市北投區中山路6號,無,09:00 – 17:00,09:00 – 17:00,09:00 – 17:00,09:00 – 17:00,09:00 – 17:00,09:00 – 17:00,09:00 – 17:00
北投,藝文與文化,陽明書屋,原名中興賓館的「陽明書屋」，昔為先總統蔣公接待國內外貴賓及夏日避暑之處，係蔣公在台唯一親自擇定興建的行館；今日則成為陽明山國家公園重要人文史蹟建物之一。,臺北市北投區陽明山中興路12號,80,09:00 – 16:30,09:00 – 16:30,09:00 – 16:30,09:00 – 16:30,09:00 – 16:30,09:00 – 16:30,09:00 – 16:30
北投,藝文與文化,臺北藝術大學,台北藝術大學擁有俯瞰關渡平原的遼闊視野，獨樹一格的校內建築，沿坡而上，校舍則採紅磚、灰牆與黑瓦屋頂，並加上裝飾的線條，隨處可見的裝置藝術品打造出特殊的風格意象，每個角落都可以看到藝術在生活中的流動痕跡。,臺北市北投區學園路1號,無,全日開放,全日開放,全日開放,全日開放,全日開放,全日開放,全日開放
北投,藝文與文化,少帥禪園—張學良幽禁舊居,１９５７年起張學良夫婦到台北就醫、辦事，被安排居住於少帥禪園現址，當時稱為「幽雅招待所」隸屬於情報局。建於１９２０年代，原名「新高旅社」在北投溫泉區頗有盛名，曾被日軍當做神風特攻隊出戰前夕的慰安處所。,臺北市北投區幽雅路34號,200,10:00 – 21:00,10:00 – 21:00,10:00 – 21:00,10:00 – 21:00,10:00 – 21:00,10:00 – 21:00,10:00 – 21:00
士林,宗教與古蹟,士林官邸,士林官邸有精緻的庭園造景設計，融合西式庭園中浪漫美好的風光與中式庭園裡的拱橋、曲池、流水等東方庭園造景。因其優越的地勢而曾經作為蔣故總統官邸。,臺北市士林區福林路60號,100,不開放,09:30 – 12:00；13:30 – 17:00,09:30 – 12:00；13:30 – 17:00,09:30 – 12:00；13:30 – 17:00,09:30 – 12:00；13:30 – 17:00,09:30 – 12:00；13:30 – 17:00,09:30 – 12:00；13:30 – 17:00
士林,宗教與古蹟,國立故宮博物院,國立故宮博物院為中國宮殿式的建築，藏有全世界最多的中華藝術寶藏，數量達６５萬多件，幾乎涵蓋了整部五千年的中國歷史，因此擁有「中華文化寶庫」的美名。,臺北市士林區至善路二段221號,350,08:30 – 18:30,08:30 – 18:30,08:30 – 18:30,08:30 – 18:30,08:30 – 21:00,08:30 – 21:00,08:30 – 18:30
士林,宗教與古蹟,士林官邸,士林官邸有精緻的庭園造景設計，融合西式庭園中浪漫美好的風光與中式庭園裡的拱橋、曲池、流水等東方庭園造景。因其優越的地勢而曾經作為蔣故總統官邸。,臺北市士林區福林路60號,100,不開放,09:30 – 12:00；13:30 – 17:00,09:30 – 12:00；13:30 – 17:00,09:30 – 12:00；13:30 – 17:00,09:30 – 12:00；13:30 – 17:00,09:30 – 12:00；13:30 – 17:00,09:30 – 12:00；13:30 – 17:00
士林,宗教與古蹟,林語堂故居,１９６６年林先生返臺定居，這座洋房由他親自設計，結合中國四合院與西方美學建築，藍瓦白牆，拱門迴廊，融合現代感觀及古典之美。,臺北市士林區仰德大道2段141號,30,不開放,09:00 – 17:00,09:00 – 17:00,09:00 – 17:00,09:00 – 17:00,09:00 – 17:00,09:00 – 17:00
士林,宗教與古蹟,錢穆故居,「素書樓」為國學大師錢穆先生生前居所。為紀念母親生養之恩，錢先生以無錫七房橋五世同堂故居裡，母親居所之「素書堂」作為隱居終老處所之名。樓庭院內的一磚一石、一草一木都是主人多年的心血。,臺北市士林區臨溪路72號,無,不開放,09:00 – 17:00,09:00 – 17:00,09:00 – 17:00,09:00 – 17:00,09:00 – 17:00,09:00 – 17:00
士林,宗教與古蹟,士林神農宮,士林神農宮本來名為「芝蘭廟」，是奉祀土地公福德正神的廟宇。士林居民在乾隆年間為福德正神重修寺廟時，在屋頂採用了帝王等級的神祇才能使用的燕尾樣式，因此增加奉祀具有帝王位階的神農大帝作為主神。,臺北市士林區舊佳里前街74號,無,06:00 – 21:00,06:00 – 21:00,06:00 – 21:00,06:00 – 21:00,06:00 – 21:00,06:00 – 21:00,06:00 – 21:00
士林,宗教與古蹟,慈諴宮,慈諴宮又稱士林媽祖廟，主祀天上聖母，位於遠近馳名的士林夜市之內。為一座採兩殿、兩廊、兩護龍平面配置的廟宇，一共形成５個天井，兩殿之間以過水廊連接護龍，為典型殿堂式閩南式廟宇。,臺北市士林區大南路84號,無,06:00 – 22:00,06:00 – 22:00,06:00 – 22:00,06:00 – 22:00,06:00 – 22:00,06:00 – 22:00,06:00 – 22:00
士林,宗教與古蹟,圓山水神社,圓山水神社為一座日據時期遺留下來的神社，其留有最初建造時的石燈籠、社名碑、淨手池，及一對鎮守神社的?犬。儘管圓山水神社只與士林商圈相隔一條路，但卻是一片靜謐之地，散發出古樸、神秘而自在的氛圍。,臺北市士林區中山北路5段82號之1,無,全日開放,全日開放,全日開放,全日開放,全日開放,全日開放,全日開放
士林,宗教與古蹟,天母白屋,國民政府為了安頓美軍在臺生活，在士林地區興建許多高級宿舍，使美軍人員有完善的生活環境，天母白屋是碩果僅存的一棟。這些宿舍外牆為雨淋板、黑色屋瓦，內設有壁爐、外露石壁龕且設有庭院，兼具美式、日式的建築風格。,臺北市士林區中山北路7段181巷23號,無,不開放,10:00 – 18:00,10:00 – 18:00,10:00 – 18:00,10:00 – 18:00,10:00 – 18:00,
士林,休閒與生態,芝山文化生態綠園,芝山岩展示館結合芝山的自然生態及地質景觀，展示地層模型、全區模型與陶器復原模型的演變過程。周圍被自然景觀步道所圍繞，山稜線有非常豐富的生態及地質景觀，是一個擁有豐富人文歷史與自然資源的小山丘。,臺北市士林區雨聲街120號,無,不開放,09:00 – 17:00,09:00 – 17:00,09:00 – 17:00,09:00 – 17:00,09:00 – 17:00,09:00 – 17:00
士林,休閒與生態,圓山水神社,圓山水神社為一座日據時期遺留下來的神社，其留有最初建造時的石燈籠、社名碑、淨手池，及一對鎮守神社的?犬。儘管圓山水神社只與士林商圈相隔一條路，但卻是一片靜謐之地，散發出古樸、神秘而自在的氛圍。,臺北市士林區中山北路5段82號之1,無,全日開放,全日開放,全日開放,全日開放,全日開放,全日開放,全日開放
士林,休閒與生態,花卉試驗中心,花卉試驗中心栽培及試驗各式各樣百般不同的花種，有台北後花園之稱。主園區佔地廣闊，因為鄰近陽明山國家公園，所以會常時態的配合陽明山花季的活動，是家人、親子休閒活動賞花的好去處。,臺北市士林區仰德大道4段175巷32號,無,08:00 – 17:00,08:00 – 17:00,08:00 – 17:00,08:00 – 17:00,08:00 – 17:00,08:00 – 17:00,08:00 – 17:00
士林,休閒與生態,臺北市立兒童新樂園,兒童新樂園內有１３項遊樂設施、多元化室內親子遊戲空間(免費遊戲區、球池及投幣式遊戲機)及兒童劇團負責的兒童劇場。園區結合悠遊卡的消費模式，持悠遊卡即可驗票入園、搭乘遊樂設施及園內部分商店消費。,臺北市士林區承德路五段55號,30,09:00 – 17:00,09:00 – 17:00,09:00 – 17:00,09:00 – 17:00,09:00 – 17:00,09:00 – 20:00,09:00 – 18:00
士林,休閒與生態,雙溪公園,雙溪公園座落在至善路和福林路相交的三角地帶，公園於民國６３年闢建，面積約２公頃，雙溪顧名思義是因為有兩條溪水匯聚形成，園內處處表達了江南景觀之美，景致古色古香、花團錦簇美不勝收，這裡也經常成為新人拍攝婚紗取景的地點。,臺北市士林區福林路307號,無,全日開放,全日開放,全日開放,全日開放,全日開放,全日開放,全日開放
士林,休閒與生態,天母古道親山步道,天母水管路是日治時期所開闢的運水路，為引取陽明山湧泉，在此地鋪設水管供給至天母地區，並於沿途設置便道。由天母出發先須爬行１３００階梯，後面則為平坦的森林浴步道，在此體驗自然的寧靜與原始，了解天母古道的種種文化歷史面貌。,臺北市士林區中山北路7段232巷,無,全日開放,全日開放,全日開放,全日開放,全日開放,全日開放,全日開放
士林,休閒與生態,擎天崗草原,擎天崗大草原又稱太陽谷，鄰近七星山、冷水坑、涓絲瀑布；因為有廣闊柔軟的草地，還可以看到許多野生牛隻，因此成為很多都市人假日踏青的好去處，更被票選為十大野餐聖地之一。,臺北市士林區菁山路101巷246 號,無,09:00 – 16:30,09:00 – 16:30,09:00 – 16:30,09:00 – 16:30,09:00 – 16:30,09:00 – 16:30,09:00 – 16:30
士林,商圈,士林觀光夜市,士林夜市是臺北市範圍最大的夜市，也是國外觀光客造訪臺北必到的觀光夜市。佔地十分寬廣，可分為兩個主要範圍，一個是傳統陽明戲院周邊的街道，包括大南路慈諴宮一帶；另一邊則是基河路１０１號重新營運的士林市場。,臺北市士林區大東路、大南路、文林路、基河路間與週邊,無,15:00 – 01:00,15:00 – 01:00,15:00 – 01:00,15:00 – 01:00,15:00 – 01:00,15:00 – 01:00,15:00 – 01:00
士林,商圈,大葉高島屋,台灣第一座新都會大型百貨公司，擁有全台第一座位於百貨公司內的大型水族館，並備有２０００ 個停車位。位於天母忠誠路與士東路口，以郊區型新優樂生活百貨公司為目標，提供消費者舒適、悠閒、寬敞的購物空間,臺北市士林區忠誠路二段55號,無,11:00 – 21:30,11:00 – 21:30,11:00 – 21:30,11:00 – 21:30,11:00 – 21:30,11:00 – 22:00,11:00 – 21:30
士林,商圈,士東市場,士東市場所販賣的東西有一定的品質，內部乾淨，沒有一般傳統市場的潮濕和魚肉的味道，加上有地下停車場，在時常下雨的北部算是採買食材的好地方，而且還有人情溫度，可感受到臺北這個城市獨特的味道，更反映了在地生活的日常百態。,臺北市士林區士東路100號,無,不開放,07:30 – 21:00,07:30 – 21:00,07:30 – 21:00,07:30 – 21:00,07:30 – 21:00,07:30 – 21:00
士林,商圈,天母創意市集,每週五、週六、週日三天在天母圓環這邊有熱鬧的二手市集，若是有空可以來這邊逛逛、挖寶，或是可以在線上系統報名來擺攤，出清自己不常用到的東西，讓需要的人可以重新再利用。,臺北市士林區天母西路中山北路七段,無,不開放,不開放,不開放,不開放,16:00 – 22:00,09:00 – 22:00,15:00 – 21:00
士林,商圈,天母商圈,天母屬於一完整機能社區，商圈內駐遠東ＳＯＧＯ、新光三越和大葉高島屋，也是美軍基地、大使館特區以及美國、歐洲、日韓學校的所在地，擁有各國美食與文化。,臺北市士林區中山北路五段過福林橋開始,無,11:00 – 21:30,11:00 – 21:30,11:00 – 21:30,11:00 – 21:30,11:00 – 21:30,11:00 – 22:00,11:00 – 21:30
士林,藝文與文化,國立故宮博物院,國立故宮博物院為中國宮殿式的建築，藏有全世界最多的中華藝術寶藏，數量達６５萬多件，幾乎涵蓋了整部五千年的中國歷史，因此擁有「中華文化寶庫」的美名。,臺北市士林區至善路二段221號,350,08:30 – 18:30,08:30 – 18:30,08:30 – 18:30,08:30 – 18:30,08:30 – 21:00,08:30 – 21:00,08:30 – 18:30
士林,藝文與文化,郭元益糕餅博物館,臺灣第一座糕餅博物館，陳列「糕餅世家」百年來的歷史，並介紹臺灣傳統糕餅業的演進以及臺灣傳統婚喪喜慶的禮俗，藉此讓世人對臺灣傳統糕餅有更深的認識及瞭解。,臺北市士林區文林路546號4樓,50,09:00 – 17:30,09:00 – 17:30,09:00 – 17:30,09:00 – 17:30,09:00 – 17:30,09:00 – 17:30,09:00 – 17:30
士林,藝文與文化,順益臺灣原住民博物館,國內第一座以原住民為主題的私人博物館。博物館內的典藏文物共有４個主題，詳敘臺灣原住民各族的分佈區域，以及建築、工藝、狩獵器具……等傳統日常生活物件的介紹，還有各族美麗的傳統服飾，與原住民族最重要的祖靈信仰。,臺北市士林區至善路2段282號,150,不開放,09:00 – 17:00,09:00 – 17:00,09:00 – 17:00,09:00 – 17:00,09:00 – 17:00,09:00 – 17:00
士林,藝文與文化,臺北市立天文科學教育館,天文科學教育館的展場１樓有古代天文學區、地球區、太空科技區；２樓有天球與星座區、太陽系區、望遠鏡與天文臺區；３樓有恆星區、星系區、宇宙論區，並提供ＰＤＡ無線導覽服務。半圓形的全天域劇院為東南亞最大的宇宙劇場。,臺北市士林區基河路363號,40,不開放,09:00 – 17:00,09:00 – 17:00,09:00 – 17:00,09:00 – 17:00,09:00 – 21:00,09:00 – 17:00
士林,藝文與文化,國立臺灣科學教育館,"臺灣科學教育館，地下室為兒童益智探索館； ３, ４樓有生命科學、自然科學展；５, ６樓有物質科學、數學與地球科學展；７, ８樓為特展，可以看到世界性的科學展覽。館內設有各種體驗裝置，可與展品互動。",臺北市士林區士商路189號,100,09:00 – 17:00,09:00 – 17:00,09:00 – 17:00,09:00 – 17:00,09:00 – 17:00,09:00 – 20:00,09:00 – 18:00
士林,藝文與文化,林語堂故居,１９６６年林先生返臺定居，這座洋房由他親自設計，結合中國四合院與西方美學建築，藍瓦白牆，拱門迴廊，融合現代感觀及古典之美。,臺北市士林區仰德大道2段141號,30,不開放,09:00 – 17:00,09:00 – 17:00,09:00 – 17:00,09:00 – 17:00,09:00 – 17:00,09:00 – 17:00
士林,藝文與文化,芝山文化生態綠園,芝山岩展示館結合芝山的自然生態及地質景觀，展示地層模型、全區模型與陶器復原模型的演變過程。周圍被自然景觀步道所圍繞，山稜線有非常豐富的生態及地質景觀，是一個擁有豐富人文歷史與自然資源的小山丘。,臺北市士林區雨聲街120號,無,不開放,09:00 – 17:00,09:00 – 17:00,09:00 – 17:00,09:00 – 17:00,09:00 – 17:00,09:00 – 17:00
大同,宗教與古蹟,陳天來故居,本宅創建者陳天來先生為臺北茶葉發展過程重要人物，且陳氏家族人才輩出，在近代臺灣政治、經貿及文化史上有其顯著貢獻和代表性地位，此建物為臺北茶葉發展史、貴德街茶行史及臺北建築史之重要紀錄。,臺北市大同區貴德街73號,無,全日開放,全日開放,全日開放,全日開放,全日開放,全日開放,全日開放
大同,宗教與古蹟,URS44大稻埕故事工坊,大稻埕故事工坊裡除了介紹有大稻埕的一段歷史，還是政府「都市再生前進基地（ＵＲＳ）計畫」實行對象之一，希望在舊有的建築、文化、歷史故事的輪廓中，增添創新概念，並與在地產業、環境做結合，打造出新興且富歷史價值意義的創新未來。,臺北市大同區迪化街一段44號,無,11:00 – 18:00,11:00 – 18:00,11:00 – 18:00,11:00 – 18:00,11:00 – 18:00,11:00 – 18:00,11:00 – 18:00
大同,宗教與古蹟,大龍峒保安宮,大龍峒保安宮，主祀保生大帝，俗稱「大浪泵宮」或「大道公廟」，為市定古蹟。保安宮興建時，聘請郭塔及陳應彬兩位匠師，將建築分成兩半，以各自創作的方式塑造良性競爭，因此欣賞保安宮的裝飾藝術時，可同時欣賞左右兩邊不同匠師的作品。,臺北市大同區哈密街61號,無,06:00 – 22:00,06:00 – 22:00,06:00 – 22:00,06:00 – 22:00,06:00 – 22:00,06:00 – 22:00,06:00 – 22:00
大同,宗教與古蹟,文昌祠,在日據時期，大龍峒人建立「樹人書院文昌祠」，每當考季來臨時，考生往往將准考證和供品擺放上桌，祈求上榜。文昌祠見證大龍峒的教育史，與大龍峒公學校有共同的文教淵源，不但是該地區重要的歷史古蹟，也見證著先人傳世傳家的文教之風。,臺北市大同區迪化街2段364巷14號,無,06:00 – 18:00,不開放,06:00 – 18:00,06:00 – 18:00,06:00 – 18:00,06:00 – 18:00,06:00 – 18:00
大同,宗教與古蹟,臺灣新文化運動紀念館,臺灣新文化運動紀念館積極收藏與展覽新文化運動的史料，並對大稻埕相關的珍貴文化資產，進行各種整合與活化工作，考據重要歷史人物的活動據點與故居，串聯成文化歷史步道，讓大稻埕成為一個開放的文化史生態博物館。,臺北市大同區寧夏路87號,無,不開放,09:30 – 17:30,09:30 – 17:30,09:30 – 17:30,09:30 – 17:30,09:30 – 17:30,09:30 – 17:30
大同,宗教與古蹟,建成圓環,建成圓環含「１９０８年圓公園時期」、「１９４３年二戰時期」、「１９５０年圓環鼎盛時期」、「２００３年建成圓環美食館」的歷史，利用陰刻地坪、古蹟保護牆、座椅牆、玻璃導覽牌等設施，暗示各時期建成圓環範圍，感受圓環的歷史變遷。,臺北市大同區重慶北路1段與南京西路交叉路口,無,全日開放,全日開放,全日開放,全日開放,全日開放,全日開放,全日開放
大同,休閒與生態,蔣渭水紀念公園,臺北市政府為紀念蔣渭水先生，將鄰近之錦西公園更名為「蔣渭水紀念公園」。蔣渭水先生為臺灣民主鬥士及文化先鋒，一生事蹟多發生於大稻埕地區，如創設大安醫院、創立文化協會及成立民報總批發處等。,臺北市大同區錦西街51號,無,全日開放,全日開放,全日開放,全日開放,全日開放,全日開放,全日開放
大同,休閒與生態,延平河濱公園,能夠觀賞河濱美景、落日、飛機起降，水利局曾種植７萬植株，讓公園變得色彩繽紛，適合家庭野餐、騎腳踏車。另外還有ＩＧ熱門打卡地點「ＴＡＩＰＥＩ」。,臺北市大同區延平北路四段203號,無,全日開放,全日開放,全日開放,全日開放,全日開放,全日開放,全日開放
大同,休閒與生態,玉泉公園,有一座與喬木結合的木平台，導入樹屋概念，提供樹木生長空間的同時，提供民眾親近植物與教育解說的機會。黑板樹蔭下人行步道增設距離標示，利使用者計算運動距離。苦楝、臺灣欒樹、流蘇、蒲葵、緬梔與榕樹各種喬木與多種灌木的複層栽植。,臺北市大同區西寧北路28號,無,全日開放,全日開放,全日開放,全日開放,全日開放,全日開放,全日開放
大同,休閒與生態,玉泉公園游泳池,玉泉公園游泳池是一溫水游泳池，包含按摩池、烤箱、蒸氣室以及室內滑水道，是市中心少數的平價游泳池，並且注重水質和衛生環境。另外平日有３位救生員，而假日會增加至５-６名。,臺北市大同區西寧北路28號,無,05:30 – 22:00,05:30 – 22:00,05:30 – 22:00,05:30 – 22:00,05:30 – 22:00,05:30 – 22:00,05:30 – 22:00
大同,休閒與生態,朝陽茶葉公園,朝陽茶葉公園原址為大稻埕的茶寮倉庫，茶商將所買進的毛茶存放於此，再進行精製。９２年都市重建後將這裡規畫為臺北市第一個茶葉主題公園，園內花崗步道上雕刻著精細的製茶流程圖，兩排也有數家茶行作為延伸景點。,臺北市大同區重慶北路二段70巷,無,全日開放,全日開放,全日開放,全日開放,全日開放,全日開放,全日開放
大同,休閒與生態,迪化運動公園跨堤景觀平臺,迪化運動公園跨堤景觀平臺為臺北市第二座景觀平臺。景觀平臺延伸橫跨環河北路至堤外，提供絕佳視野，從平臺可盡覽淡水河風光，亦可欣賞大稻埕碼頭煙火秀，除此之外，景觀平臺內提供如親子活動景觀戲水設施、活動舞台區等。,臺北市大同區環河北路二段,無,全日開放,全日開放,全日開放,全日開放,全日開放,全日開放,全日開放
大同,商圈,寧夏觀光夜市,近期以「千歲宴」打響國際名聲，且獲得眾多美食雜誌和網路爭相報導的寧夏夜市，以臺灣傳統小吃為主；夜市首先將人車分道，方便民眾吃飯與購物，貼心的服務，也是吸引大家來這裡消費的原因。,臺北市大同區寧夏路(位於南京西路與民生西路間),無,17:00 – 01:00,17:00 – 01:00,17:00 – 01:00,17:00 – 01:00,17:00 – 01:00,17:00 – 01:00,17:00 – 01:00
大同,商圈,PＩＥR5大稻埕河岸特區,之前信義區的貨櫃市集ＣＯＭＭＵＮＥ Ａ７結束之後，貨櫃市集重新在大稻埕碼頭開張，大約有九個商家，其中三家是餐車的形式出現，假日的時候還會有樂團在這裡表演。,臺北市大同區民生西路底,無,15:00 – 22:00,15:00 – 22:00,15:00 – 22:00,15:00 – 22:00,15:00 – 22:00,11:00 – 22:00,11:00 – 22:00
大同,商圈,迪化街年貨大街,迪化街以辦年貨聞名，是從清末到日據初期以來臺灣國際貿易與商業的發展地，以南北雜貨、茶行、中藥和布匹批發商為主。 ２００８年政府將迪化商圈擴大，讓商家及商品更加多元化，使迪化街有更多的選擇。,臺北市大同區迪化街,無,11:00 – 22:00,11:00 – 22:00,11:00 – 22:00,11:00 – 22:00,11:00 – 22:00,11:00 – 22:00,11:00 – 22:00
大同,商圈,延三觀光夜市,因位處於臺北橋旁，早期有人稱為「大橋頭夜市」、「臺北橋夜市」，攤位分布在兩側道路上，雖然延平北路上車輛往來頻繁，但因為在這裡有許多經營三、四十年以上的傳統美食小吃，使延三夜市依舊為許多老台北人的首選。,臺北市大同區延平北路三段 (位於民權西路與民族西路間),無,18:00 – 00:00,18:00 – 00:00,18:00 – 00:00,18:00 – 00:00,18:00 – 00:00,18:00 – 00:00,18:00 – 00:00
大同,商圈,永樂布業商場,永樂市場是全臺的大型布市，這裡有各種花色的紡織品，不管是本地的或進口的，總是能夠滿足不同消費者的需求，而旁邊巷弄裡各種衣物周邊零件、配件、蕾絲、繡花也一應俱全，吸引著許多時尚設計、表演藝術的創作者來此尋寶。,臺北市大同區迪化街1段21號,無,10:00 – 18:00,10:00 – 18:00,10:00 – 18:00,10:00 – 18:00,10:00 – 18:00,10:00 – 18:00,不開放
大同,商圈,甘州街-茶葉街,甘州街俗稱茶葉街，在大稻埕的茶葉歷史上佔了很重要的地位，是茶葉發展開拓的重要功臣。現在甘州街雖然沒落，但是還有５、６家茶行，循著傳統的製茶技術，有著道地的茶文化，讓茶泡起來更加的清香及回味。,臺北市大同區甘州街5號,無,10:00 – 21:00,10:00 – 21:00,10:00 – 21:00,10:00 – 21:00,10:00 – 21:00,10:00 – 21:00,10:00 – 21:00
大同,藝文與文化,阿嬤家-和平與女性人權館,由婦女救援基金會在２０１６年所創立，收錄了臺灣５９位「慰安婦」阿嬤們經過苦難淬煉後的生命故事。是臺灣首座以「慰安婦」人權運動為基礎，集結當代女性人權議題展示及婦女培力的多功能社會教育基地。,臺北市大同區迪化街一段256號,無,不開放,10:00 – 17:00,10:00 – 17:00,10:00 – 17:00,10:00 – 17:00,10:00 – 17:00,10:00 – 17:00
大同,藝文與文化,大稻埕戲苑,大稻埕戲苑，座落於永樂市場８、９樓，以演出、推廣、保存傳統戲曲為宗旨，九樓劇場辦理各項傳統戲曲如歌仔戲、京劇、南管、北管、客家戲、說唱…等演出，八樓曲藝場則規劃常態性布袋戲、南管、說唱節目。,臺北市大同區迪化街一段21號,無,不開放,09:00 – 22:00,09:00 – 22:00,09:00 – 22:00,09:00 – 22:00,09:00 – 22:00,09:00 – 22:00
大同,藝文與文化,台原亞洲偶戲博物館,館內除了收藏臺灣的偶戲外，也有來自不同國度、不同風味的戲偶，共珍藏了５０００多件偶戲珍品，內有雕刻工坊、ＤＩＹ教室、偶戲特展室、精品典藏空間，以及適合各類專業演出的納豆劇場（表演廳），讓民眾進一步了解偶戲文化。,臺北市大同區西寧北路79號,無,不開放,10:00 – 17:00,10:00 – 17:00,10:00 – 17:00,10:00 – 17:00,10:00 – 17:00,10:00 – 17:00
大同,藝文與文化,台北當代藝術館,台北當代藝術館將藝術、古蹟、科技三者做了巧妙的結合，辦理多檔精采絕倫且豐富多元的當代藝術展覽，成為了台北市藝文發展的重要據點，並且提供了互動性且整合度強的展覽平台，開拓出極具前瞻性與創意的新文化思維。,臺北市大同區長安西路39號,50,不開放,10:00 – 18:00,10:00 – 18:00,10:00 – 18:00,10:00 – 18:00,10:00 – 18:00,10:00 – 18:00
大同,藝文與文化,陳天來故居,本宅創建者陳天來先生為臺北茶葉發展過程重要人物，且陳氏家族人才輩出，在近代臺灣政治、經貿及文化史上有其顯著貢獻和代表性地位，此建物為臺北茶葉發展史、貴德街茶行史及臺北建築史之重要紀錄。,臺北市大同區貴德街73號,無,全日開放,全日開放,全日開放,全日開放,全日開放,全日開放,全日開放
大同,藝文與文化,URS44大稻埕故事工坊,大稻埕故事工坊裡除了介紹有大稻埕的一段歷史，還是政府「都市再生前進基地（ＵＲＳ）計畫」實行對象之一，希望在舊有的建築、文化、歷史故事的輪廓中，增添創新概念，並與在地產業、環境做結合，打造出新興且富歷史價值意義的創新未來。,臺北市大同區迪化街一段44號,無,11:00 – 18:00,11:00 – 18:00,11:00 – 18:00,11:00 – 18:00,11:00 – 18:00,11:00 – 18:00,11:00 – 18:00
中山,宗教與古蹟,太原五百完人紀念建築群,"「太原五百完人紀念建築群」紀念碑、紀念堂及招魂塚以軸線依山勢而建，建物設計之水準頗高，包括牌坊、紀念碑、紀念堂、招魂塚、碑等。
",臺北市中山區中山北路四段11巷,無,全日開放,全日開放,全日開放,全日開放,全日開放,全日開放,全日開放
中山,宗教與古蹟,臺北啤酒工廠(原建國啤酒廠),臺北啤酒工廠，前身為日據時期「高砂麥酒株式會社」，目前由臺北市都市發展局接手，要將啤酒廠規劃成一座以啤酒為主題，結合餐飲、娛樂等新元素的啤酒文化園區，讓民眾體驗製作啤酒的樂趣。,臺北市中山區八德路2段85號,無,08:00 – 16:30,08:00 – 16:30,08:00 – 16:30,08:00 – 16:30,08:00 – 16:30,不開放,不開放
中山,宗教與古蹟,劍潭古寺,推算劍潭古寺的年代，至今應該有３５０年以上的歷史，但日據後期遷建至大直現址。入廟前有一牌樓，青綠色的瓦頂下寫著「劍潭古寺」４字，裡面的小巷道，就是劍潭古寺的原址，在這一片林園當中，園內保留著劍潭古寺舊有的廟柱及石碑。,臺北市中山區北安路805巷6號,無,全日開放,全日開放,全日開放,全日開放,全日開放,全日開放,全日開放
中山,宗教與古蹟,林安泰古厝民俗文物館,林安泰古厝初建於１７８３年，至今已有２００多年的歷史。這棟傳統閩南風格的單層２進４合院，是依照民間地理風水習俗而建造的。古厝前的月眉池，造型正如其名，在中國風水中，屬於聚寶收納的型制，替古厝環境生色不少。,臺北市中山區濱江街5號,無,不開放,09:00 – 17:00,09:00 – 17:00,09:00 – 17:00,09:00 – 17:00,09:00 – 17:00,09:00 – 17:00
中山,宗教與古蹟,台北故事館,台北故事館，為仿英國都鐸時期的半木構造建築，是台灣罕見的建築形式。目前以食、衣、住、行、娛樂為主軸，策劃相關主題展覽及藝文活動、推廣茶文化，持續在「台北故事館」說故事。,臺北市中山區中山北路三段181之1號,無,不開放,10:00 – 17:30,10:00 – 17:30,10:00 – 17:30,10:00 – 17:30,10:00 – 17:30,10:00 – 17:30
中山,宗教與古蹟,中山基督長老教會,中山基督長老教會，原為日本基督教聖公會教堂，稱為大正町教會，供當時住在大正街一帶日本人教徒禮拜之用。外觀仿英國歌德式教堂設計，從高處往下看，可看見教堂屋頂呈十字架形狀、尖拱、屋架轉角石與扶壁等，保存完整，具有建築價值。,臺北市中山區?林森北路62號,無,全日開放,全日開放,全日開放,全日開放,全日開放,全日開放,全日開放
中山,宗教與古蹟,蔡瑞月舞蹈研究社,蔡瑞月舞蹈研究社是具有歷史性的建築，是日據時期的文官宿舍，１９５３年成為臺灣現代舞之母蔡瑞月的家、編舞及創作練舞教室，後來演變成舞蹈的教室。１９９９年經古蹟學者專家一致認定為此地為臺灣現代舞紮根之地，故共同堅決重建。,臺北市中山區中山北路2段48巷10號,無,不開放,10:00 – 17:00,10:00 – 17:00,10:00 – 17:00,10:00 – 17:00,10:00 – 17:00,10:00 – 17:00
中山,宗教與古蹟,光點臺北,"臺北市文化局委託臺灣電影文化協會經營，成為以電影文化為主的「臺北之家」。
透過影展、講座、工作坊等各種活動，讓跨領域的意見得以交流，進而激發更多創意。",臺北市中山區中山北路2段18號,無,11:00 – 22:00,11:00 – 22:00,11:00 – 22:00,11:00 – 22:00,11:00 – 22:00,11:00 – 22:00,11:00 – 22:00
中山,休閒與生態,榮星花園公園,公園除提供民眾拍攝婚紗的九重葛花廊、?公圳自然濕地生態池等優質的遊憩及活動空間。近年因為對生態的重視，在生態池復育螢火蟲，並持續進行生態調查及規劃環境改善方式。目前已有穩定的螢火蟲族群。,臺北市中山區民權東路三段1號,無,全日開放,全日開放,全日開放,全日開放,全日開放,全日開放,全日開放
中山,休閒與生態,大佳河濱公園,大佳河濱公園位於中山區中山橋和大直橋之間，是基隆河截彎取直後，經市政府開發建設而成的都會型綠化公園。面積廣大，進入園區映入眼簾的就是一大片一望無際的廣闊草園，還可以遙望美麗華的摩天輪，景色優美。,臺北市中山區基隆河中山橋和大直橋之間,無,全日開放,全日開放,全日開放,全日開放,全日開放,全日開放,全日開放
中山,休閒與生態,花博公園,花博公園為２０１０臺北國際花卉博覽會會場，目前轉型為都市公園。園區包含圓山園區、美術園區與新生園區，規劃作為一般的公園使用，並利用原花博展覽館，提供各項活動場地使用。,臺北市中山區玉門街1號,無,全日開放,全日開放,全日開放,全日開放,全日開放,全日開放,全日開放
中山,休閒與生態,美堤碼頭,美堤碼頭延伸了藍色公路航線至內湖地區，讓基隆河從點而線成為一條與美麗華商圈相結合的水上旅遊帶。碼頭所在的美堤河濱公園視野遼闊，可遠觀北市地標１０１大樓與松山機場的飛機起降，也是市民親近河岸或騎自行車運動的良好去處。,臺北市中山區基隆河基16號水門,無,全日開放,全日開放,全日開放,全日開放,全日開放,全日開放,全日開放
中山,休閒與生態,臺北典藏植物園,新生園區臺北典藏植物園為國內少見結合了鑽石級綠建築及國內頂尖園藝專家的智慧，以人類、植物與環境為主軸，將臺灣各地的植物依不同的氣候與地域，描繪出臺灣生態環境縮影，打造出全臺僅有一座單位面積展示種類最多的展覽型植物溫室。,臺北市中山區濱江街16號,無,不開放,09:00 – 17:00,09:00 – 17:00,09:00 – 17:00,09:00 – 17:00,09:00 – 17:00,09:00 – 17:00
中山,商圈,雙城街夜市,雙城街夜市幾乎都是老字號的攤位，賣了３０多年的小吃比比皆是。夜市的規模雖然不大，整齊劃一的橘紅色招牌，井然有序，成為臺北市第一個區域性示範夜市 。,臺北市中山區雙城街(農安街至雙城街13巷間),無,17:00 – 00:00,17:00 – 00:00,17:00 – 00:00,17:00 – 00:00,17:00 – 00:00,17:00 – 00:00,17:00 – 00:00
中山,商圈,遼寧街夜市,早期因福聚宮的廟會活動帶來相當多的人潮， 進而吸引許多攤販聚集，漸漸形成夜市，而現在遼寧街夜市是一個以餐飲為主的小型夜市，大部分都是三、四十年以上的老字號小吃。,臺北市中山區遼寧街(位於長安東路與朱崙街間),無,16:00 – 02:00,16:00 – 02:00,16:00 – 02:00,16:00 – 02:00,16:00 – 02:00,16:00 – 02:00,16:00 – 02:00
中山,商圈,捷運中山地下書街,位於捷運中山站及雙連站間的中山地下書街，提供愛書人更明亮、舒適、豐富的閱覽及購書休閒環境。另外，於臺北車站至中山站間之地下街上方線型公園，具有４項公共藝術作品。,臺北市中山區南京西路16號Ｂ1(捷運中山站至雙連站間),無,11:00 – 22:00,11:00 – 22:00,11:00 – 22:00,11:00 – 22:00,11:00 – 22:00,11:00 – 22:00,11:00 – 22:00
中山,商圈,臺北魚市,臺北漁產運銷公司積極於民族魚市場進行場地活化，轉型為觀光魚市場，並與上引水產公司合作經營，提供新鮮食材。此外，魚市內海產餐廳，提供各式鍋物及熟食與燒烤佳餚，只要前來臺北魚市，就能夠經歷一趟豐富愜意的海鮮饗宴。,臺北市中山區民族東路410巷2弄20號,無,06:00 – 00:00,06:00 – 00:00,06:00 – 00:00,06:00 – 00:00,06:00 – 00:00,06:00 – 00:00,06:00 – 00:00
中山,商圈,四平陽光商圈,"四平陽光商圈整條街道為徒步區，有舒適的購物環境，設置有露天咖啡座，提供民眾歇息之用。另外在此有著繪畫、音樂演奏、臺灣傳統布偶戲表演、街頭藝人表演等活動，不定期舉辦。
以「陽光、女人、四平街」的行銷口號還有許多特色商家。",臺北市中山區四平街,無,10:00 – 20:30,10:00 – 20:30,10:00 – 20:30,10:00 – 20:30,10:00 – 20:30,10:00 – 20:30,10:00 – 20:30
中山,商圈,美麗華百樂園,"購物中心分本館與漾館，為一座國際級娛樂休閒購物設施，各樓層規劃特色專櫃、餐廳，更有全臺首創的百米摩天輪。
美麗華大直影城擁有大型銀幕，高度環繞音效，創造身歷其境的臨場感，能提供特別的視覺享受。",臺北市中山區敬業三路20號,無,11:00 – 22:00,11:00 – 22:00,11:00 – 22:00,11:00 – 22:00,11:00 – 22:00,11:00 – 22:00,11:00 – 22:00
中山,藝文與文化,台北故事館,台北故事館，為仿英國都鐸時期的半木構造建築，是台灣罕見的建築形式。目前以食、衣、住、行、娛樂為主軸，策劃相關主題展覽及藝文活動、推廣茶文化，持續在「台北故事館」說故事。,臺北市中山區中山北路三段181之1號,無,不開放,10:00 – 17:30,10:00 – 17:30,10:00 – 17:30,10:00 – 17:30,10:00 – 17:30,10:00 – 17:30
中山,藝文與文化,家畫廊,家畫廊成立於１９９０年，王賜勇本以「輝煌時代」之名在東區辦畫廊，後將畫廊遷至現址，改名為「家畫廊」，有家的溫馨感覺。這兒收藏甚豐，主要收藏畫家有潘玉良、常玉、余承堯、朱沅芷等人的作品。,臺北市中山區中山北路三段30-1 號,無,不開放,11:00 – 18:00,11:00 – 18:00,11:00 – 18:00,11:00 – 18:00,11:00 – 18:00,不開放
中山,藝文與文化,原民生活美學館,原民風味館配合美術園區藝文廊帶的規劃，用嶄新的面貌在藝術品呈現上更上一層樓，藉由更專業的策展團隊讓大家可以更貼近地看見原住民藝術家的作品，已經具備與國際接軌的能量。,臺北市中山區中山北路三段151號,無,不開放,11:00 – 19:00,11:00 – 19:00,11:00 – 19:00,11:00 – 19:00,11:00 – 19:00,11:00 – 19:00
中山,藝文與文化,臺北市立美術館,臺灣首座現代美術館，空間與 展品的規劃新潮活潑，結合民眾生活與美術賞析。除了展覽，館方不定期舉辦研討及假日親子活動，製 造美術館與民眾互動的機會，更拉近藝術與生活的距離。,臺北市中山區中山北路3段181號,30,不開放,09:30 – 17:30,09:30 – 17:30,09:30 – 17:30,09:30 – 17:30,09:30 – 20:30,09:30 – 17:30
中山,藝文與文化,袖珍博物館,袖珍博物館尋訪世界各地網羅一流袖珍藝術大師作品，擁有排名世界級的收藏規模，包羅萬象的袖珍精品經過組合佈置後，主題作品目前展出約兩百餘件，,臺北市中山區建國北路1段 96 號 Ｂ1,200,不開放,10:00 – 18:00,10:00 – 18:00,10:00 – 18:00,10:00 – 18:00,10:00 – 18:00,10:00 – 18:00
中山,藝文與文化,樹火紀念紙博物館,長春棉紙廠創辦人陳樹火先生經數１０年來的紮根經營，有感於「紙孕育於中國文化卻未能在現代發揚的遺憾」，遂發願創設紙博物館。經５年籌備，樹火紀念紙博物館於１９９５年１０月正式對外開放。,臺北市中山區長安東路二段68號,100,09:30 – 16:30,09:30 – 16:30,09:30 – 16:30,09:30 – 16:30,09:30 – 16:30,09:30 – 16:30,09:30 – 16:30
中山,藝文與文化,光點臺北,"臺北市文化局委託臺灣電影文化協會經營，成為以電影文化為主的「臺北之家」。
透過影展、講座、工作坊等各種活動，讓跨領域的意見得以交流，進而激發更多創意。",臺北市中山區中山北路2段18號,無,11:00 – 22:00,11:00 – 22:00,11:00 – 22:00,11:00 – 22:00,11:00 – 22:00,11:00 – 22:00,11:00 – 22:00
松山,宗教與古蹟,松山國小,創立於西元１８９８年７月，是松山區最早成立的學校。松山國小共有３株百年老樹，其中１株是松山國小創建時自己種植，學生都叫它為「莿桐奶奶」；另２株是昔日之松山派出所移植至此也有百年歷史，分別被命名為「不老仙」及「萬壽翁」。,臺北市松山區八德路4段746號,無,電話預約,電話預約,電話預約,電話預約,電話預約,電話預約,電話預約
松山,宗教與古蹟,松山教會（錫口教會）,建立於１８７５年，錫口禮拜堂又稱賠償教會，清法戰爭發生後，錫口人誤以為教會是法國人蓋的而把其毀掉，經抗議清政府拿出１萬兩來賠償。錫口教會的尖塔，被當時的居民，視為錫口街的地標，直到１９７５ 年才建成今日的建築。,臺北市松山區饒河街105號,無,全日開放,全日開放,全日開放,全日開放,全日開放,全日開放,全日開放
松山,宗教與古蹟,松山霞海城隍廟,相傳清末一位同安縣下店鄉海邊厝人，渡海來臺時攜該鄉城隍之分靈，擇於錫口安身，祈者求多有應，善男信女日多，後來這位「唐山人」逝世，他的太太決定將神像獻給街民，大家感其誠，募資於西元 １９０８年左右建造這１座霞海城隍廟。,臺北市松山區八德路4段439號,無,全日開放,全日開放,全日開放,全日開放,全日開放,全日開放,全日開放
松山,宗教與古蹟,松山市場,松山市場係因水運而商業活動興盛，自清代起逐漸形成市集，直至１９０９年興建松山市場延續至今，已達百年之久，深具歷史意義。建物仍保有原有形貌，檜木桁架及洗石子外牆保存狀況尚佳，具保存價值。,台北市松山區八德路四段679號,無,不開放,07:00 – 16:00,07:00 – 16:00,07:00 – 16:00,07:00 – 16:00,07:00 – 16:00,07:00 – 16:00
松山,宗教與古蹟,松山慈祐宮,慈祐宮興建於１７５３年，距今已有兩百多年的歷史，主要信奉的是黑面媽祖。本宮內三川殿的石獅，由於呈現的是「雄獅張嘴、母獅閉嘴」的傳統，在臺灣十分少見，因此也成了鎮殿之寶。,臺北市松山區八德路4段761號,無,05:00 – 22:30,05:00 – 22:30,05:00 – 22:30,05:00 – 22:30,05:00 – 22:30,05:00 – 22:30,05:00 – 22:30
松山,宗教與古蹟,一號糧倉,將台北市的第一座糧倉「一號糧倉」，歷，經規劃設計，以糧倉的故事出發，加強農產業與飲食文化鏈結的使命，開創出「樂埔?農」品牌，讓一號糧倉能?集優秀的農人與農產。,台北市松山區八德路二段346巷3弄2號,無,不開放,11:30 – 14:30；18:00 – 22:00,11:30 – 14:30；18:00 – 22:00,11:30 – 14:30；18:00 – 22:00,11:30 – 14:30；18:00 – 22:00,11:30 – 14:30;18:00 – 22:00,11:30 – 14:30；18:00 – 22:00
松山,休閒與生態,臺北松山機場觀景台,觀景台植栽美化，另外特別選用西班牙設計大師Ａｌｅｘａｎｄｅｒ Ｌｏｔｅｒｓｚｔａｉｎ設計的發光戶外座椅，提供晝夜不同的景觀體驗。在入口廣場西側還規劃有戶外輕食區，供民眾休憩飲食。觀景台為免費開放，可成為民眾休閒新選擇。,臺北市松山區敦化北路340之9號,無,09:00 – 21:00,09:00 – 21:00,09:00 – 21:00,09:00 – 21:00,09:00 – 21:00,09:00 – 21:00,09:00 – 21:00
松山,休閒與生態,錫口(彩虹)碼頭,松山地區於乾隆年間，古名為「錫口」。位於松河街四號水門處之錫口渡口，自古為南北通商、貨物集散之地，曾繁華鼎盛為松山地區錫口文化發展精華之起始港口。錫口碼頭鄰近彩虹橋等特色景點，晚上更提供絕美夜景。,臺北市松山區基隆河左岸成美河濱公園內(松河街旁4號水門進入),無,全日開放,全日開放,全日開放,全日開放,全日開放,全日開放,全日開放
松山,休閒與生態,臺北小巨蛋冰上樂園,臺北小巨蛋副館常年結冰，為國際標準滑冰場，配置冰上曲棍球、競速滑冰相關器材設施，平日對外開放(冰上樂園)供一般市民參與滑冰運動，並開設各式教育訓練課程。臺北小巨蛋館內提供觀眾舒適的餐飲空間及休閒環境。,臺北市松山區南京東路4段2號,220,10:00 – 21:00,10:00 – 21:00,10:00 – 21:00,10:00 – 21:00,10:00 – 21:00,10:00 – 21:00,10:00 – 21:00
松山,休閒與生態,ＢａｂyＢoss職業體驗任意城,『ＢａｂｙＢｏｓｓ職業體驗任意城』提供小朋友體驗各類職業。城市內近５０種行業及７０個職業角色，讓小朋友實際操作演練，體驗各個職業角色的工作精神，並賺取『ＢａｂｙＢｕｃｋｓ』酬勞，學習真實社會的運作。,臺北市松山區八德路四段138號京華城購物中心7樓,900,10:00 – 20:00,10:00 – 20:00,10:00 – 20:00,10:00 – 20:00,10:00 – 20:00,10:00 – 20:00,10:00 – 20:00
松山,休閒與生態,迎風河濱公園,迎風河濱公園內設有溜冰場、壘球場、足球場、迷你高爾夫練習場等，是一設備齊全的運動公園。園內更有全臺首座「免繫犬鏈」的狗運動公園，分為大狗和小狗區，設置不鏽鋼圍欄、雙層門作為人犬防護措施，設備相當齊全。,臺北市松山區濱江街7號水門,無,全日開放,全日開放,全日開放,全日開放,全日開放,全日開放,全日開放
松山,商圈,饒河街觀光夜市,饒河街觀光夜市是臺北市最早的觀光夜市，規模不大，攤位非常集中，這裡的蚵仔麵線、藥燉排骨、胡椒餅、東山鴨頭、臭豆腐等等都是饒河夜市的必吃美食。,臺北市松山區八德路四段與松河街間且與之平行的饒河街上,無,16:00 – 00:00,16:00 – 00:00,16:00 – 00:00,16:00 – 00:00,16:00 – 00:00,16:00 – 00:00,16:00 – 00:00
松山,商圈,松山市場,松山市場係因水運而商業活動興盛，自清代起逐漸形成市集，直至１９０９年興建松山市場延續至今，已達百年之久，深具歷史意義。建物仍保有原有形貌，檜木桁架及洗石子外牆保存狀況尚佳，具保存價值。,臺北市松山區八德路四段679號,無,不開放,07:00 – 16:00,07:00 – 16:00,07:00 – 16:00,07:00 – 16:00,07:00 – 16:00,07:00 – 16:00
松山,商圈,水族街,在民權東路５段民權大橋頭，可以看到一整排販賣水族相關用品的商店，各家販賣的觀賞魚種類眾多，有各式各樣的海水魚、淡水魚、熱帶魚等等，五顏六色，耀眼奪目。,臺北市松山區民權東路5段,無,10:00 – 22:00,10:00 – 22:00,10:00 – 22:00,10:00 – 22:00,10:00 – 22:00,10:00 – 22:00,10:00 – 22:00
松山,商圈,民生社區商圈,民生社區公共設施完善，並於１９７０年啟用台灣第一座汙水處理廠。１９９２年，完成了地上１１層、地下３層的民生社區活動中心大樓。規劃上仿效美國先進的都市計畫方法，將臺北市東北角的一塊大型素地打造為首個全國性美國式示範社區。,臺北市松山區民生東路5段,無,全日開放,全日開放,全日開放,全日開放,全日開放,全日開放,全日開放
松山,商圈,慶城街1號,為一美食商場，有春水堂、海底撈等。旁邊亦有兄弟飯店，美食選擇更多元，包含道地的飲茶與台菜。因接近捷運南京復興站，慶城街出口沿路多為特色餐廳，例如，莫凡彼、美式餐廳——Ｈｏｏｔｅｒｓ等。,臺北市松山區慶城街1號,無,11:00 – 21:30,11:00 – 21:30,11:00 – 21:30,11:00 – 21:30,11:00 – 22:00,11:00 – 22:00,11:00 – 21:30
松山,藝文與文化,自由巷及鄭南榕紀念館,「自由巷」內的鄭南榕紀念館為當年《自由時代》周刊辦公室原址，紀念館入口處有鄭南榕的青銅塑像與巨幅照片，及鄭南榕的隨身物品與手稿等紀念文物、相關活動照片，可以更了解這位民主鬥士為臺灣言論自由所做出的犧牲與貢獻。,臺北市松山區民權東路三段106巷3弄11號3樓,無,不開放,10:00 – 17:00,10:00 – 17:00,10:00 – 17:00,10:00 – 17:00,10:00 – 17:00,不開放
松山,藝文與文化,臺北偶戲館,台北偶戲館以布袋戲區、傀儡戲區、皮影戲區、互動體驗區」以及「戲偶ＤＩＹ課程」。介紹臺灣傳統與現代偶戲的歷史與發展，鼓勵大家多發揮創意，運用生活素材創造出自己的布袋戲偶、皮影戲偶等各種現代偶。,臺北市松山區市民大道5段99號2樓,50,不開放,10:00 – 17:00,10:00 – 17:00,10:00 – 17:00,10:00 – 17:00,10:00 – 17:00,10:00 – 17:00
松山,藝文與文化,股票博物館,臺灣股票博物館，為臺灣第一家以股票為主題的專業博物館，由臺灣集中保管結算所成立營運，以保管股票的金庫改建而成。２０１１年７月２９日，臺灣證券市場正式達到「無實體百分百」目標，並將原來保管股票的庫房，規劃建置博物館,臺北市松山區復興北路365號3樓,無,09:00 – 17:00,09:00 – 17:00,09:00 – 17:00,09:00 – 17:00,09:00 – 17:00,不開放,不開放
松山,藝文與文化,有璽藝術中心,"以推廣當代藝術文化及美學教育為核心理念，邀請台灣具代表性的當代藝術家展出新作，及其在創作過程中的探索。
有璽是一種空間，把尋找到的『 』 放入這個空間，觀者藉由觀賞中與作品產生對話。",臺北市松山區三民路136巷26號,無,不開放,11:00 – 18:00,11:00 – 18:00,11:00 – 18:00,11:00 – 18:00,11:00 – 18:00,不開放
內湖,宗教與古蹟,林秀俊墓,林秀俊被認為是清初開墾台北盆地相當重要的一位開拓先驅。墓的形制採用傳統閩南式，以墓丘為中心，前置石雕墓碑，左右肩石夾立，矮垣層層彎曲伸出，呈環抱狀，前有寬廣的墓庭，由傳統風水理論建造，為臺北盆地內少數完整保存的清代大墓。,臺北市內湖區文德段5小段333.333-1號,無,全日開放,全日開放,全日開放,全日開放,全日開放,全日開放,全日開放
內湖,宗教與古蹟,內湖清代採石場,臺北盆地周圍盛產質地優良的石材，當清末光緒年間計畫興築臺北府城牆時，選擇內湖及大直一帶山區所產的石材作為建材。現場環境景觀優美，並保持許多當年開鑿石料遺蹟，可為台北建城歷史的實證。,臺北市內湖區環山路一段136巷底,無,全日開放,全日開放,全日開放,全日開放,全日開放,全日開放,全日開放
內湖,宗教與古蹟,內湖庄役場會議室,１９２０年設置內湖庄，庄役場會議室是內湖地區發展史見證。典型的２０年代藝術裝飾主義：山牆圓窗裝飾、階梯式造型天際線、水平線條入口雨庇、兩側半圓柱，柱身洗石子分段式造型。牆上是防空作用的國防色面磚，不反光網紋淺綠色釉面磚。,臺北市內湖路二段342號,無,不開放,08:30 – 17:30,08:30 – 17:30,08:30 – 17:30,08:30 – 17:30,08:30 – 17:30,08:30 – 17:30
內湖,宗教與古蹟,內湖郭氏古宅,郭氏古宅為日治首任庄長典型豪宅邸，建於１９１９年。全為磚木構造，外牆用大正年間盛行的紅磚，洗石子及日本進口彩瓷裝飾。樓板為木造，木樑支撐樓板重量，燈樑懸掛臺灣傳統天公爐及燈籠。窗形式多變，弧形陽台凸出，山頭近仿巴洛克。,臺北市內湖區文德路241巷19號,無,不開放,10:00 – 12:00；14:00 – 17:00,10:00 – 12:00；14:00 – 17:00,10:00 – 12:00；14:00 – 17:00,10:00 – 12:00；14:00 – 17:00,10:00 – 12:00；14:00 – 17:00,10:00 – 12:00；14:00 – 17:00
內湖,宗教與古蹟,十四份圳舊水閘門,「大湖公園」舊稱「十四份陂」，為內湖墾戶林秀俊家族所築，清代至日據時期，為內湖地區灌溉用水之用。西元１９０７年，為公共埤圳，並修建水閘門。現存之水閘門可作為內湖地區開拓史、水利史與農業發展史的重要見證，具保存價值。,臺北市內湖區大湖南端,無,全日開放,全日開放,全日開放,全日開放,全日開放,全日開放,全日開放
內湖,宗教與古蹟,五分吊橋,該吊橋為內湖區跨越基隆河最早的一座煤炭運輸專用吊橋，臺北市區基隆河少數現存之吊橋遺址，乃地方產業發展之歷史見證。橋面已於民國６０年代拆除，目前只殘留北河岸的橋柱。柱之下端有扶壁（Ｂｕｔｔｒｅｓｓ），結構及造型具有特色。,臺北市內湖區安康路402號旁涵洞另一側,無,全日開放,全日開放,全日開放,全日開放,全日開放,全日開放,全日開放
內湖,宗教與古蹟,碧山巖開漳聖王廟,奉祀主神是「開漳聖王」是福建省漳州府首任刺史。清嘉慶十九年(１８１４)所創建，台灣最大的開漳聖王廟之一。立於前殿的廟埕上，是最佳的鳥瞰大臺北盆地眺望點。農曆六月初七日凌晨子時起，舉辦傳統民間信仰一「開天門」延壽活動。,臺北市內湖區碧山路24號,無,全日開放,全日開放,全日開放,全日開放,全日開放,全日開放,全日開放
內湖,宗教與古蹟,石崁黃氏古宅,民國元年建造的一處坐北朝南閩南三合院式兩落護龍住宅，黃氏祖籍福建省南靖縣漳州府人，先祖渡臺後由臺北縣中和地區，再輾轉到本地；早期，是以林業鋸材為職。渡台迄今，已有九世代六大房的大家族。,臺北市內湖區碧山路62號,無,全日開放，族人居住，注意禮儀,全日開放，族人居住，注意禮儀,全日開放，族人居住，注意禮儀,全日開放，族人居住，注意禮儀,全日開放，族人居住，注意禮儀,全日開放，族人居住，注意禮儀,全日開放，族人居住，注意禮儀
內湖,休閒與生態,金面山縱走步道,因山頂巨石呈剪刀狀(由金龍產業道路所仰望之角度)而命名；是步道最高峰，海拔高度２５８公尺，山顛巨石崢嶸，景觀特殊，視野遼闊，能俯視全內湖區和臺北市東區。,臺北市內湖區內湖路一段 91 巷,無,全日開放,全日開放,全日開放,全日開放,全日開放,全日開放,全日開放
內湖,休閒與生態,碧山路老地層景觀,"本路段地層景觀係２,０００萬年前臺北老地層中，地質特徵變化較多，臺北市最佳的欣賞老地層景觀據點之一。此路段可發現到波紋岩、濱海相砂岩、造山褶曲現象、交錯形岩層、鋸齒狀岩層節理景觀、小斷層、砂頁岩交替層等。",臺北市內湖區碧山路9-11號,無,全日開放,全日開放,全日開放,全日開放,全日開放,全日開放,全日開放
內湖,休閒與生態,忠勇山步道,忠勇山既是三尖之一，外貌呈尖峰狀，南面向陽較緩坡，北面陡峭為陰濕地形。依氣候生態來說，忠勇山區屬亞熱帶闊葉林生態系，林相為次生林；南坡山腰處，在七十六年間，曾發生火燒山，焚燬約一公頃林地。,臺北市內湖區碧山路22號,無,全日開放,全日開放,全日開放,全日開放,全日開放,全日開放,全日開放
內湖,休閒與生態,白石湖吊橋,白石湖吊橋特別採龍骨意象塑造，從東邊「龍船岩」連接白石湖山、大崙頭山、忠勇山、鯉魚山，至圓覺瀑布而止，從空中俯瞰，就像是一條巨龍盤據，守護著白石湖地區。置身其中可欣賞到周邊山寺、果園、森林步道、溼地湖泊。,臺北市內湖區碧山路24號,無,全日開放,全日開放,全日開放,全日開放,全日開放,全日開放,全日開放
內湖,休閒與生態,白鷺山五○彎步道,「白鷺山」又名「埤頭尖山」，或「白鷺鷥山」；日據時期，每年四月起，「白鷺山」北坡白鷺鷥成群聚集，一直到十月份，才南飛避冬；尤其在六至八月間，日落黃昏到夜幕低垂，倦鳥歸巢，遠望似繽紛的白牡丹點綴林間。為「內湖八大景」之一。,臺北市內湖區碧山路64號,無,全日開放,全日開放,全日開放,全日開放,全日開放,全日開放,全日開放
內湖,休閒與生態,碧湖公園,擁有大湖泊的水景公園，周遭山巒層疊的環境，前擁大坡湖後環山，湖畔景色渾然一體，宛如一座古典庭園。設有游泳池、網球場、兒童遊樂區、觀景台、管理中心及湖濱步道、釣魚區。另有６條登山小徑，碧湖美景盡收眼底。,臺北市內湖區內湖路二段175號,無,全日開放,全日開放,全日開放,全日開放,全日開放,全日開放,全日開放
內湖,休閒與生態,碧湖露營場,可容納２５０人露宿的露營場，是臺北市僅有的２處露營場地之一，也是全國少有的免費露營場。因山區光害少，是臺北觀星最好的地方，山上夜景更是美麗，可遠望觀音山及士林北投夜色。,臺北市內湖區內湖路二段175號,無,全日開放,全日開放,全日開放,全日開放,全日開放,全日開放,全日開放
內湖,休閒與生態,西湖萬壽仙老樟樹,本區平地唯一最粗大的巨木，樹胸圍約４２５公分。樹幹上攀附一株雀榕，雀榕有旺盛的生命力，使寬廣、濃密的雀榕樹冠，直接影響到樟樹。樹下的健康步道，應拆除改鋪成透水式空心磚，好讓雨水直接滲透到地層裡，提供充足水份助其正常發育。,臺北市內湖區碧山路26-6號114 號,無,全日開放,全日開放,全日開放,全日開放,全日開放,全日開放,全日開放
內湖,商圈,臺北花市,切花、盆花電腦拍賣、電腦訂貨交易運作、交易行情資訊發布與查詢服務、花卉推廣促銷活動運作、花卉相關材料、器材、種苗等事項經營。,"臺北市內湖區臺北市內湖區新湖三路28號, 36號",無,04:00 – 12:00,04:00 – 12:00,04:00 – 12:00,04:00 – 12:00,04:00 – 12:00,04:00 – 12:00,不開放
內湖,商圈,西湖市場,位於西湖捷運站，為文湖捷運線一特殊場站，其為全臺首創傳統市場與捷運共構重新改裝，尤其地上一至二樓專賣生鮮蔬果、家禽漁貨、美食小吃，三至四樓是捷運站，不必走出站就可以品嚐到傳統美食，極為方便。,臺北市內湖區內湖路一段285號,無,不開放,06:00 – 21:00,06:00 – 21:00,06:00 – 21:00,06:00 – 21:00,06:00 – 21:00,06:00 – 21:00
內湖,商圈,東湖新商圈,位於東湖捷運站附近，由東湖地區商店街及哈拉影城等構成，其中影城為歐洲城堡式建築外觀、巴洛克風格的裝置藝術，成為東湖地區地標，是一處結合精品時尚、生活百貨、影城、中西式餐飲、３Ｃ商品、書局、ＫＴＶ等多元化的綜合商城。,臺北市內湖區康寧路三段72號,無,09:30 – 00:30,09:30 – 00:30,09:30 – 00:30,09:30 – 00:30,09:30 – 00:30,09:30 – 00:30,09:30 – 00:30
內湖,商圈,737巷商圈,７３７巷商圈早上為市場，晚上為夜市，也是內湖區唯一的夜市,臺北市內湖區內湖路一段737巷,無,全日開放,全日開放,全日開放,全日開放,全日開放,全日開放,全日開放
內湖,商圈,內湖科技園區,臺灣第一座由民間投資及政府放寬產業進駐而發展出來的科學園區，廠商家數超過３０００家，每天有９萬多人在此通勤工作。,臺北市內湖區堤頂大道二段與內湖路一段,無,全日開放,全日開放,全日開放,全日開放,全日開放,全日開放,全日開放
內湖,商圈,內湖量販店商圈,因地廣可容納大面積商場以及停車空間，內湖舊宗路一段區塊大潤發、Ｃｏｓｔｃｏ，大型量販店林立，剛開幕的家樂福便利店附近，短短７００公尺還有一家全聯超市，競爭激烈,臺北市內湖區舊宗路一段,無,09:00 – 23:00,09:00 – 23:00,09:00 – 23:00,09:00 – 23:00,09:00 – 23:00,09:00 – 23:00,09:00 – 23:00
內湖,藝文與文化,亞洲寵物博物館,平時有提供動物寄宿，由亞洲動物福利協會(ＡＡＷＡ)創辦，致力於兒童生命教育，推動「小獸醫體驗」活動，培養孩子對動物的同理心與共感能力。博物館展覽空間共分為：診療體驗區、影像體驗區、手術體驗區、寵物追思區。,臺北市內湖區舊宗路一段30巷13號,200,電話預約制,電話預約制,電話預約制,電話預約制,電話預約制,電話預約制,電話預約制
內湖,藝文與文化,國立臺灣戲曲學院京劇文物館,提供（中、英、日語）導覽人員，介紹傳統戲曲舞台服飾、道具、樂器、戲曲兵器及戲曲源流演進等內容。包括戲曲道具及舞台真人尺寸戲偶模型、清朝時代仿古野戲台造模型。獨一無二的戲曲角色舞台程式化動作，加深觀賞者對傳統戲曲的認識。,臺北市內湖區內湖路二段177號,400,電話預約制,電話預約制,電話預約制,電話預約制,電話預約制,電話預約制,電話預約制
內湖,藝文與文化,碧湖劇場,由國立戲曲學院京崑劇團與特技團員演出，增加光觀光客來台意願，結合故宮博物院、忠烈祠、中影文化城，推動並形成一條「靜態文化看故宮，動態文化看復興」的帶狀文化觀光路線。,臺北市內湖區內湖路二段177號中正堂與中興堂演藝廳,400,電話預約制,電話預約制,電話預約制,電話預約制,電話預約制,電話預約制,電話預約制
內湖,藝文與文化,白石畫廊,專門代理日本當代藝術作品的展覽空間，１９６７年發跡於東京銀座，。開幕最大的話題，就是日本建築大師隈研吾，利用台灣檜木，所打造的木建築空間。此次所使用的建築工法，也將套用在他所設計的２０２０年東京奧運主場館。,臺北市內湖區基湖路1號,無,不開放,11:00 – 19:00,11:00 – 19:00,11:00 – 19:00,11:00 – 19:00,11:00 – 19:00,11:00 – 19:00
內湖,藝文與文化,防災科學教育館,為了讓市民了解各種災害的歷史及特質，臺北市政府消防局防災科學教育以電腦、電子、機械設備，模擬各種災害發生狀況，供市民實地操作體驗，使防火、防洪、防震、防颱等緊急避難知能。為臺灣第一座防災科學教育館。,臺北市內湖區成功路二段376號,無,不開放,09:00 – 12:00；14:00 – 17:00,09:00 – 12:00；14:00 – 17:00,09:00 – 12:00；14:00 – 17:00,09:00 – 12:00；14:00 – 17:00,09:00 – 12:00；14:00 – 17:00,09:00 – 12:00；14:00 – 17:00
內湖,藝文與文化,學學文創,開設文化創意產業職能訓練課程，承辦政府勞動部文化創意人才培訓委託案，以及合作教學場所。,臺北市內湖區堤頂大道2段207號,無,11:00 – 22:00,11:00 – 22:00,11:00 – 22:00,11:00 – 22:00,11:00 – 22:00,11:00 – 22:00,11:00 – 22:00
萬華,宗教與古蹟,龍山寺,主祀神明是觀世音菩薩，建築為中國古典３進４合院傳統宮殿式建築，正面牆堵精雕細琢，圖像生動，屋頂也相當具特色，全寺屋頂脊帶和飛簷由龍、鳳、麒麟等吉祥動物做造型，裝飾以彩色玻璃瓷片剪粘和交趾陶，堪稱臺灣特有剪粘藝術之精華。,臺北市萬華區廣州街211號,無,06:00 – 22:00,06:00 – 22:00,06:00 – 22:00,06:00 – 22:00,06:00 – 22:00,06:00 – 22:00,06:00 – 22:00
萬華,宗教與古蹟,天后宮,臺北天后宮的主神是媽祖，陪神是弘法大師，全臺只有臺北天后宮有供奉弘法大師，於１７４６年時由郊商捐建（當時名為新興宮），與艋舺龍山寺和艋舺祖師廟並稱臺灣清領時期艋舺３大寺廟。,臺北市萬華區成都路51號,無,07:00 – 22:00,07:00 – 22:00,07:00 – 22:00,07:00 – 22:00,07:00 – 22:00,07:00 – 22:00,07:00 – 22:00
萬華,宗教與古蹟,清水巖,主祀「清水祖師」，也有人稱它為祖師廟。清水祖師為北宋人，生於福建省，自幼習佛悟道，曾在蓬萊山的山巖構築一間小精舍修行，由於巖洞內之的水清澈冷冽，精舍被稱為清水巖（岩），此為「清水祖師」名稱的由來。,臺北市萬華區康定路81號,無,06:00 – 21:30,06:00 – 21:30,06:00 – 21:30,06:00 – 21:30,06:00 – 21:30,06:00 – 21:30,06:00 – 21:30
萬華,宗教與古蹟,艋舺青山宮,青山王的神像，眼神犀利，從每個角度去凝視，都會感覺不同。每年農曆１０月２３日是青山王的聖誕，２２日舉辦夜間遶境活動，有許多表演活動，家家戶戶在路邊擺設香案和供品，這就是所謂的「艋舺大拜拜」。,臺北市萬華區貴陽街2段218號,無,05:00 – 21:00,05:00 – 21:00,05:00 – 21:00,05:00 – 21:00,05:00 – 21:00,05:00 – 21:00,05:00 – 21:00
萬華,宗教與古蹟,西本願寺廣場,是一處充滿日式風情的建築群，多數主要建築的式樣多源自日本佛教１８、１９世紀常出現的折衷式樣，而輪番所是日本傳統住宅形式；樹心會館則為表現新時代精神，採用磚結構與西式木屋架組合，屋頂仍維持日式風格。,臺北市萬華區中華路1段176-243號,無,不開放,10:00 – 17:00,10:00 – 17:00,10:00 – 17:00,10:00 – 17:00,10:00 – 17:00,10:00 – 17:00
萬華,宗教與古蹟,糖?文化園區,糖倉古蹟再利用規劃Ａ倉規劃「糖倉開門」糖業文化特展，彰顯糖倉保存意義。介紹台北糖廠的歷史故事及城西產業發展軌跡。以及糖藝教室，開放作為文化、多元社區文化活動空間使用。,臺北市萬華區大理街132-7號,無,不開放,10:00 – 17:00,10:00 – 17:00,10:00 – 17:00,10:00 – 17:00,10:00 – 17:00,10:00 – 17:00
萬華,休閒與生態,華中河濱公園,有全台最大露營區，設置有汽車露營，並附水電供應，男女淋浴間、男女廁完備。環繞著河濱自行車道，周邊有自行車租借站、五人制足球場、沙灘排球場、籃球場、網球場等休閒運動設施，提供多元遊憩的活動環境。,臺北市萬華區萬大路底華中橋旁,無,全天開放,全天開放,全天開放,全天開放,全天開放,全天開放,全天開放
萬華,休閒與生態,馬場町紀念公園,馬場町的清晨，有股清新的美。河岸邊長長的階梯，是個適合坐著觀看日出的看台，視野寬闊，溪中倒影可見；天氣好的時候，可見到朝陽從遠方１０１大樓旁慢慢升起的模樣。公園內也有一座大大的碑，等著你親自去看。,臺北市萬華區水源路及青年路口,無,全天開放,全天開放,全天開放,全天開放,全天開放,全天開放,全天開放
萬華,休閒與生態,艋舺公園,以藝術為主題開發，頗具特色的民俗公園。園內有很多富含文化意涵的設計，還結合燈光和水舞的元素，每天都上演一場場的水舞秀；公園北側的廟埕廣場，為龍山寺廟埕的延伸，廣場內的星象誌，以結合中國星宿與西洋十二星座之星象圖誌而設計，,臺北市萬華區龍山寺對面,無,全天開放,全天開放,全天開放,全天開放,全天開放,全天開放,全天開放
萬華,休閒與生態,華江雁鴨自然公園,華江橋附近的廣大沙洲濕地一直是許多候鳥的棲息地，每年９月至次年４月，都會有數以千計的雁鴨科與鷸行鳥科等鳥類來造訪。永續利用區則以親子休閒及賞鳥活動為主，設置賞鴨步道、賞鳥廣場、親子活動區等。,臺北市萬華區華江橋西側,無,全天開放,全天開放,全天開放,全天開放,全天開放,全天開放,全天開放
萬華,休閒與生態,青年公園,園內設施完善，花木扶疏，景緻優美，運動設豐富。另設有盆栽館、視聽教室、露天音樂台等社教服務設施以服務市民、遊客。除了各項硬體服務設施外，公園景觀的規劃，綠化設施配置，植栽分布實為建構公園美化的主軸。,臺北市萬華區水源路199號,無,全天開放,全天開放,全天開放,全天開放,全天開放,全天開放,全天開放
萬華,休閒與生態,臺北市電影主題公園,台北市電影主題公園呈現出多種風貌，其中規劃有餐飲區、紀念品販售區、戶外影音廣場等，還以公共藝術品表現電影的主題精神，提供一處影音娛樂活動的場地，舉辦政府公益活動、歌手演唱與簽唱活動、各式新品發表會、播放露天電影院等。,臺北市萬華區康定路19號,無,全天開放,全天開放,全天開放,全天開放,全天開放,全天開放,全天開放
萬華,商圈,西門町徒步區,臺北市第一條具有指標性意義的徒步區。假日總是人潮不斷，無論吃、用、穿、玩，各種流行時尚、新奇有趣的商品應有盡有，可說是臺北最熱鬧的街道。不但是青少年文化與街頭表演的聚集地，也是青少年盛裝約會的地點。,臺北市萬華區中華路西門町,無,全天開放,全天開放,全天開放,全天開放,全天開放,全天開放,全天開放
萬華,商圈,艋舺服飾商圈,早期這裡曾有高達近２千家各式服飾店面，並且從設計、打版、生產、行銷一貫作業，品質和價格都十分具有競爭力。後來因時代變遷，服飾商圈現在僅存約４百家店，種類也較偏向成熟的女裝，和五分埔走年輕女性、活潑風格有明顯的不同。,臺北市萬華區康定路、大理街附近,無,10:00 – 21:00,10:00 – 21:00,10:00 – 21:00,10:00 – 21:00,10:00 – 21:00,10:00 – 21:00,10:00 – 21:00
萬華,商圈,廣州街觀光夜市,從梧州街至環河南路間，光是夜市攤販就有３區，長達１５０公尺。梧州街觀光夜市，因為很早開發，有許多的傳統的臺灣小吃，街道兩邊長長的雜貨攤，各種購物、美食、玩樂的商品，應有盡有，令人眼花撩亂，熱鬧非凡。,臺北市萬華區廣州街,無,18:00 – 03:00,18:00 – 03:00,18:00 – 03:00,18:00 – 03:00,18:00 – 03:00,18:00 – 03:00,18:00 – 03:00
萬華,商圈,梧州街觀光夜市,以傳統小吃為主，約７０公尺的短短距離，卻有非常多家臺灣美味小吃，種類繁多，新鮮清甜的土魠魚羹、加了中藥材香噴噴的羊肉爐、現炒的活鱔、清香不油的酸菜鴨肉湯、養顏美容的青蛙湯等等,臺北市萬華區梧州街,無,18:00 – 00:00,18:00 – 00:00,18:00 – 00:00,18:00 – 00:00,18:00 – 00:00,18:00 – 00:00,18:00 – 00:00
萬華,商圈,華西街觀光夜市,臺灣的第一座觀光夜市，販賣各式山產海鮮野味小吃為大宗。每到黃昏，常可見外國觀光客拿著旅遊指南尋找美食，早期這裡以殺蛇表演聞名，有「蛇街」之稱，如今在保育意識之下，店家大多轉型為養生的蛇料理。,臺北市萬華區華西街,無,16:00 – 00:00,16:00 – 00:00,16:00 – 00:00,16:00 – 00:00,16:00 – 00:00,16:00 – 00:00,16:00 – 00:00
萬華,商圈,新富町文化市場,屬於日治時期較後期完成的公有市場，市場內的建物涵蓋了當時期的各種建材。馬蹄形的市場主建物平屋頂由鋼筋混凝土支撐。另外，附屬建築物有木造的日式宿舍與磚造的公廁，公廁的出現也象徵當時市場現代化的過程。,臺北市萬華區三水街70號,無,不開放,10:00 – 18:00,10:00 – 18:00,10:00 – 18:00,10:00 – 18:00,10:00 – 18:00,10:00 – 18:00
萬華,商圈,青草巷,有１００多種臺灣所產的道地草藥。著名的青草茶，是炎炎夏日的退火聖品，許多人會來這買幾包，自行回家烹煮。有蘆薈、紅川七、薰衣草等青草藥的活體樣本，設為藥用植物園區，也讓這裡成為戶外教學的好場所。,臺北市萬華區西昌街224巷,無,08:00 - 22:00,08:00 – 22:00,08:00 – 22:00,08:00 – 22:00,08:00 – 22:00,08:00 – 22:00,08:00 – 22:00
萬華,商圈,龍山寺地下街,臺北市首座地下二層之地下街商場，地下有２個出入口與捷運龍山寺站相互連通，由龍山寺站進入地下街，動線流暢方便，民眾可逛地下一、二樓的４８間店舖，包括百貨精品、文化精品、輕食及具當地特色之命理古玩等業種。,臺北市萬華區西園路一段145號Ｂ1,無,11:00 - 21:30,11:00 – 21:30,11:00 – 21:30,11:00 – 21:30,11:00 – 21:30,11:00 – 21:30,11:00 – 21:30
萬華,藝文與文化,西門紅樓,目前保存最古老完整的三級古蹟市場建築物。市場入口採「八卦造型」取其八方雲集之意、市場主體為「十字架造型」，不僅是空前絕後，更是東、西建築史上的首例。八角樓和十字樓，加上兩旁南北廣場統稱為「西門紅樓」。,臺北市萬華區成都路10號,無,不開放,11:00 – 21:30,11:00 – 21:30,11:00 – 21:30,11:00 – 21:30,11:00 – 21:30,11:00 – 21:30
萬華,藝文與文化,臺北市鄉土教育中心(剝皮寮歷史街區),萬華老舊巷弄的老街區，依然延續著百餘年前清代街道的風貌，紅色的磚牆、拱型的騎樓，呈現典雅樸實之美。「臺北市鄉土教育中心」作為推展鄉土教育之園地，規劃不同主題展覽及剝皮寮相關歷史特展。,臺北市萬華區廣州街101號,無,不開放,09:00 – 17:00,09:00 – 17:00,09:00 – 17:00,09:00 – 17:00,09:00 – 17:00,09:00 – 17:00
萬華,藝文與文化,西園29服飾創作基地,整棟外觀為磚紅色的大樓，館內整體設計以「樹」的概念為設計主軸，期待化身為一棵創意之樹，吸取萬華歷史文化風貌，培育臺灣服飾設計人才，媒合艋舺商圈業者及駐基地設計師，建立示範性的設計案合作案例，振興臺灣服飾及服飾設計產業。,臺北市萬華區西園路2段9號,無,09:00 – 18:00,09:00 – 18:00,09:00 – 18:00,09:00 – 18:00,09:00 – 18:00,09:00 – 18:00,09:00 – 18:00
萬華,藝文與文化,「西門印象」裝置藝術,取其西門原城門形體意象，以幾何分割，錯置後重組城門設計，利用高低不同框架及材質顏色，呈現西門當年的華麗風采。門的形象為主要視覺創意來源，提供光影３６０度穿越城門，透過行人之移動，感受獨一無二的城市光源與互動樂趣。,臺北市萬華區中華路一段與衡陽路交叉口（捷運西門站4號出口背後腹地）,無,全天開放,全天開放,全天開放,全天開放,全天開放,全天開放,全天開放
萬華,藝文與文化,艋舺龍山文創Ｂ2,艋舺龍山文創Ｂ２以「培養在地設計師、藝術家、創作者」為主軸，發展在地品牌，以導覽、藝文表演、互動工作坊等讓民眾參與及體驗，讓旅客於此體驗，發掘萬華的文化與文創能量。,臺北市萬華區西園路一段145號Ｂ2,無,不開放,11:00 – 19:00,11:00 – 19:00,11:00 – 19:00,11:00 – 19:00,11:00 – 19:00,11:00 – 19:00
萬華,藝文與文化,意在臺北(銅雕),四座銅雕，意取劉銘傳等古今之人，規劃、俯視臺北城之發展；一座城市浮雕，翻刻臺北建城後之街道，呈現昔日古樸美好之地景。臺北，今昔之間，你我的城市，值得好好珍惜端詳它的歷史。,臺北市萬華區中華路一段與成都路口,無,全天開放,全天開放,全天開放,全天開放,全天開放,全天開放,全天開放
中正,宗教與古蹟,台北市臺灣省城隍廟,本廟是臺北城內規模最大的廟宇，供奉主神城隍爺，另有釋迦牟尼佛、藥師佛、阿彌陀佛、觀音菩薩和地藏菩薩，關聖帝君、孚佑帝君、文昌帝君、濟公禪師、城隍夫人、福德正神…等,臺北市中正區武昌街1段14號,無,06:00 – 21:00,06:00 – 21:00,06:00 – 21:00,06:00 – 21:00,06:00 – 21:00,06:00 – 21:00,06:00 – 21:00
中正,宗教與古蹟,臺北公會堂(中山堂),採取當時流行的現代折衷主義樣式，使用鋼骨水泥結構，外表貼淺綠色面磚，但細節的開口，仍保有古典圖案之裝飾。這座巨大的建築呈現阿拉伯拱窗及臺灣陶瓦之鄉土味，象徵向東方尋求藝術泉源頗耐人尋味。,臺北市中正區延平南路98號,無,09:30 – 21:00,09:30 – 21:00,09:30 – 21:00,09:30 – 21:00,09:30 – 21:00,09:30 – 21:00,09:30 – 21:00
中正,宗教與古蹟,小南門,小南門為台北府城五城門中最為小巧，構造與形式皆不同於其他諸門。不像其餘４個城門是封閉、肅殺的碉堡一般為精美的樓閣式城門造型，流露出秀麗、親切的味道，十分特別。,臺北市中正區南海段五小段480號,無,全天開放,全天開放,全天開放,全天開放,全天開放,全天開放,全天開放
中正,宗教與古蹟,欽差行臺,由臺灣巡撫於光緒１８年花費二萬兩興建，為外地高級官員來台北時之旅館及宴會、會議之用。日據以後，欽差行臺建築改為「臺灣總督府廳舍」，直到１９１９年新廳舍（今總統府）落成啟用後，舊廳舍便成了臨時性展覽聚會場所。,臺北市中正區南海路53號,無,09:00 – 16:30,09:00 – 16:30,09:00 – 16:30,09:00 – 16:30,09:00 – 16:30,09:00 – 16:30,09:00 – 16:30
中正,宗教與古蹟,臺北郵局,細部上受古典之影響，例如立面上有山頭裝飾，牆面出現古典柱頭，大廳天花板上充滿了線腳。這座當時臺灣最大的郵局使用鋼骨構造，但外牆多用貼面磚及洗石子技巧，有時代特色，尤其它的褐色面磚，據說有防空保護色作用。,臺北市中正區忠孝西路1段114號,無,08:30 – 21:00,08:30 – 21:00,08:30 – 21:00,08:30 – 21:00,08:30 – 21:00,08:30 – 21:00,不開放
中正,宗教與古蹟,北門,北門成為５門當中，唯一以清代風貌保留的古城門，是臺北最珍貴的國定古蹟之一，也由於早期具有的防禦功能，成為國防的歷史見證。,臺北市中正區忠孝西路與博愛路交叉口,無,全天開放,全天開放,全天開放,全天開放,全天開放,全天開放,全天開放
中正,宗教與古蹟,東門-景福門,東門是作工最為細緻的一座。額題景福門，建築結構和北門很類似，都是在石砌的城座以上，以厚實的磚牆一直接到屋簷下，宛如牢不可破的方形堡壘。而雙層磚牆之內，則是木造結構。,臺北市中正區凱達格蘭大道,無,全天開放,全天開放,全天開放,全天開放,全天開放,全天開放,全天開放
中正,宗教與古蹟,中正紀念堂,白牆藍瓦，７０公尺高聳立在紀念公園的中央，不論從哪個角度看過去，都很宏偉。國外觀光客來到臺灣，不論行程如何排，都一定會到這裡來參觀一下。紀念堂的下方有陳列和展覽，也有紀念品販售。,臺北市中正區中山南路21號,無,09:00 – 18:00,09:00 – 18:00,09:00 – 18:00,09:00 – 18:00,09:00 – 18:00,09:00 – 18:00,09:00 – 18:00
中正,休閒與生態,二二八和平公園,古典風格的都會公園，園內有日本庭園式造景池塘、拱橋、綠地步道及露天音樂臺，二二八紀念館和紀念碑也設立在園區內，也設置「台北二二八紀念館」藉由紀念館展覽，將事件始末以及受難史實公諸於世。,臺北市中正區臺北市懷寧街、襄陽路、公園路、凱達格蘭大道口,無,不開放,10:00 – 17:00,10:00 – 17:00,10:00 – 17:00,10:00 – 17:00,10:00 – 17:00,10:00 – 17:00
中正,休閒與生態,自來水博物館,建築最大特色是採新古典主義為主軸的巴洛克式建築風格，內部陳設更具有歷史意義，每一部機組設備皆代表自來水的演進歷程，蘊含著豐富人文價值。因特殊歐式建築外觀，歷史及教育上之重要意義，現已成為受歡迎的景點。,臺北市中正區思源街1號,50-80,不開放,09:00 – 17:00,09:00 – 17:00,09:00 – 17:00,09:00 – 17:00,09:00 – 17:00,09:00 – 17:00
中正,休閒與生態,臺北市客家文化主題公園,為臺北市民認識客家文化的據點與休憩場所，並提供臺北都會客家人一處群聚交流、展現生活記憶之處。園區內的「跨堤平台」設有人行步道及自行車引道，,臺北市中正區汀州路三段2號,無,不開放,09:00 – 18:00,09:00 – 18:00,09:00 – 18:00,09:00 – 18:00,09:00 – 18:00,09:00 – 18:00
中正,休閒與生態,植物園,植物園是日據時代研究植物的重要場所，占地約８公頃，保留了當時從臺灣、日本、中國大陸、東南亞引進來的試驗研究植物種，至今園區內的建築與植物種類已遠超過以往盛況，蒐羅之植物多達約２０００種。,臺北市中正區南海路53號,無,05:30 – 22:00,05:30 – 22:00,05:30 – 22:00,05:30 – 22:00,05:30 – 22:00,05:30 – 22:00,05:30 – 22:00
中正,休閒與生態,三創生活園區,建築外觀呈現前瞻氣勢，結合鄰近綠帶的視野，實踐自然與科技共生的設計理念。空間規劃導入科技生活、潮流影音、動漫文化、探索體驗、創作育成及藝術展演等多元概念，結合園區隨處可見的數位視屏，讓影像的多元樣貌。,臺北市中正區市民大道3段2號,無,11:00 – 21:30,11:00 – 21:30,11:00 – 21:30,11:00 – 21:30,11:00 – 21:30,11:00 – 21:30,11:00 – 21:30
中正,休閒與生態,古亭河濱公園,園內由斜坡道種植灌木排列出「古亭河濱公園」字樣別具巧思。公園內有各項運動設施供市民使用。夏日帶著孩子們到這裡避暑、遊戲是很不錯的選擇。冬季有整片的波斯菊花海綻放，讓人忍不住想停下腳步欣賞。,臺北市中正區永福橋至中正橋間,無,全天開放,全天開放,全天開放,全天開放,全天開放,全天開放,全天開放
中正,休閒與生態,逸仙公園,該公園為紀念孫中山的小巧公園。中華民國選擇此處作為紀念該國國父的公園之一，主要原因是該地為孫逸仙於１９１３年來台時下榻的料亭。該料亭亦為當年台灣總督佐久間左馬太與孫逸仙會談政情的場所。,臺北市中正區中山北路一段46號,無,不開放,09:00 – 17:00,09:00 – 17:00,09:00 – 17:00,09:00 – 17:00,09:00 – 17:00,09:00 – 17:00
中正,休閒與生態,紀州庵文學森林,臺北市第一座文學專門藝文空間，結合城南文學公園，提供讀者舒適宜人的空間，讓文友們可以在室內、戶外閱讀、寫作、喝茶、啜咖啡、與同好談天。讀者與書迷更可在這裡與心儀的文學家、評論者、出版人不期而遇。,臺北市中正區同安街 107 號,無,不開放,10:00 – 18:00,10:00 – 18:00,10:00 – 18:00,10:00 – 18:00,10:00 – 18:00,10:00 – 18:00
中正,商圈,南機場夜市,「南機場」這個名稱是由日據時代所遺留下來的老地名，當初日軍在此地設有軍用機場，後來時間變遷則改建成眷村及國宅，而後由於來往此地的人口眾多，漸漸發展成現在我們所熟悉的「南機場夜市」。,臺北市中正區中華路二段305巷,無,18:00 – 00:00,18:00 – 00:00,18:00 – 00:00,18:00 – 00:00,18:00 – 00:00,18:00 – 00:00,18:00 – 00:00
中正,商圈,後火車站商圈,早年時期，臺北車站後站商圈曾是國內外知名的百貨批發集散地，如今這塊繁華熱鬧街廓變身為創意材料的批發零售專賣店。商圈內可以找到做藝術品的各項材料，不管是工具、雕刀、鋸子、砂紙，甚至還能買到做彩繪玻璃的材料。,臺北市中正區後火車站,無,10:00 – 19:00,10:00 – 19:00,10:00 – 19:00,10:00 – 19:00,10:00 – 19:00,10:00 – 19:00,10:00 – 19:00
中正,商圈,沅陵商店街-鞋子街,這裡的商店很多是老字號，秉持誠信做生意，隨著臺灣經濟的發展，城中市場和沅陵商店街成為服飾店、皮鞋店的聚集地，沅陵商店街更是以鞋店聞名。此處的皮鞋多是老師傅親自縫製的傑作，許多老一輩的人，只要皮鞋一壞，就會拿來這裡修補。,臺北市中正區沅陵街23號,無,11:00 – 22:00,11:00 – 22:00,11:00 – 22:00,11:00 – 22:00,11:00 – 22:00,11:00 – 22:00,11:00 – 22:00
中正,商圈,愛國東路婚紗街,許多婚紗名店位於愛國東路，形成一條婚紗大街。店家為了創造商品獨特性，各自規劃專有之主題套裝商品，提供包套拍照服務，提升了臺灣婚紗攝影水準，美麗的櫥窗，也吸引許多拍戲劇組、喜歡逛街的女孩們，在這裡穿梭。,臺北市中正區愛國東路,無,13:30 – 21:30,13:30 – 21:30,13:30 – 21:30,13:30 – 21:30,13:30 – 21:30,13:30 – 21:30,13:30 – 21:30
中正,商圈,站前地下街,位在台北車站地區內人潮搭乘台鐵、捷運時必經之路，亦為由各地搭乘上述交通工具而來之人潮到本地區各商圈最舒適便利之路。商場另設有六處廣場，提供辦理各項公益及商業活動，提供市民及旅客優良之休閒購物環境。,臺北市中正區南陽街與重慶南路間之忠孝西路正下方,無,09:30 – 22:00,09:30 – 22:00,09:30 – 22:00,09:30 – 22:00,09:30 – 22:00,09:30 – 22:00,09:30 – 22:00
中正,商圈,相機街,近年有近５０幾家的相機店紮根於此，各種品牌、各種周邊都一應俱全。隨著時代的轉變，相機不再是昂貴，而是人手一臺數位相機。要找好的相機，一定要來到這裡，老店對專業的堅持，自然有識貨的顧客支持。,臺北市中正區忠孝西路至漢口街間、博愛路、開封街,無,11:00 – 22:00,11:00 – 22:00,11:00 – 22:00,11:00 – 22:00,11:00 – 22:00,11:00 – 22:00,11:00 – 22:00
中正,藝文與文化,華山1914文化創意產業園區,開放為創意設計品的展售商店，園內也有極具特色的濃情懷舊小酒館，並保有倉庫舊建築的特色。另經由再製酒作業場改建的Ｌｅｇａｃｙ則是近年崛起的ｌｉｖｅ ｈｏｕｓｅ，為許多音樂人愛用的展演空間，吸引不少藝文愛好者走訪。,臺北市中正區八德路1段1號,無,09:30 – 21:00,09:30 – 21:00,09:30 – 21:00,09:30 – 21:00,09:30 – 21:00,09:30 – 21:00,09:30 – 21:00
中正,藝文與文化,長榮海事博物館,海事為主題的博物館，適合不同世代、不同族群來館參訪。館內大量收藏了種類豐富的模型船，從遠古人類以挖鑿方式建造的獨木舟，到西方所發展的各式帆船、機械動力船、工作船；還有展現台灣海島民情的竹筏，以及具有宗教信仰意義的王船等。,臺北市中正區中山南路11號,無,不開放,09:00 – 17:00,09:00 – 17:00,09:00 – 17:00,09:00 – 17:00,09:00 – 17:00,09:00 – 17:00
中正,藝文與文化,國立歷史博物館,展示著多位私人收藏家的捐贈，包含先秦繩紋陶、漢代綠釉陶、六朝舞樂俑及唐三彩、甲骨、青銅器、玉器、瓷器和文獻等珍貴文物。以中華文物與閩臺文物為主軸，美術品方面則是以歷史所繫者為對象的一個綜合性的博物館。,臺北市中正區南海路49號,30,不開放,10:00 – 18:00,10:00 – 18:00,10:00 – 18:00,10:00 – 18:00,10:00 – 18:00,10:00 – 18:00
中正,藝文與文化,牯嶺街小劇場,此建築物成為小劇場的展演空間，發展藝文活動。空間規劃為辦公室及服務台、文宣品區、實驗劇場、拘留室、會議室、藝文空間、視聽室、排練室。這兒不時有各種活動演出，在臺灣小劇場發展史上佔有重要的位置。,臺北市中正區牯嶺街5巷2號,無,不開放,10:00 – 22:00,10:00 – 22:00,10:00 – 22:00,10:00 – 22:00,10:00 – 22:00,10:00 – 22:00
中正,藝文與文化,臺北國際藝術村,以臺北作為創意文化的環境，積極拓展和國際各城市之間藝術家交換計畫，提供民眾與不同創作領域的藝術工作者互動與交流，為視覺藝術、音樂、文學及表演等藝術創作打造自由且富新思維的環境，激發在地文化藝術的發展。,臺北市中正區北平東路7號,無,不開放,11:00 – 22:00,11:00 – 22:00,11:00 – 22:00,11:00 – 22:00,11:00 – 22:00,11:00 – 22:00
中正,藝文與文化,臺北當代工藝設計分館,透過營造愉悅的學習環境，期許民眾透過親身接觸、體驗與消費，將美的設計元素和理念運用於生活中，創造更美好的生活環境，讓更多民眾進而瞭解臺灣在地及國際工藝發展，體驗學習工藝技藝與匠師頂真精神。,臺北市中正區南海路41號,無,不開放,09:30 – 17:30,09:30 – 17:30,09:30 – 17:30,09:30 – 17:30,09:30 – 17:30,09:30 – 17:30
中正,藝文與文化,臺大醫學人文博物館,博物館建築風格屬於法國文藝復興後期樣式，館內大廳、主牆及柱子皆飾以優美線條及雕刻，頗為氣派。大廳及廊道有許多拱廊，造型高雅。,臺北市中正區仁愛路一段1號,無,不開放,09:30 – 16:30,09:30 – 16:30,09:30 – 16:30,09:30 – 16:30,不開放,不開放
大安,宗教與古蹟,臺北監獄圍牆遺蹟,初建於一九一０年代前後，當時臺灣各地抗日義軍蜂起不斷，日本統治者乃在臺北與臺南首建規模龐大的監獄，臺北監獄即是臺灣近代獄政史的具體見證。如今其遺蹟只剩北面與南面幾堵高牆，但仍令人感受到沈悶肅殺的氣氛。,臺北市大安區金山南路二段44巷,無,全日開放,全日開放,全日開放,全日開放,全日開放,全日開放,全日開放
大安,宗教與古蹟,臺灣師範大學原高等學校校舍,現今師範大學禮堂之前身，高等學校為進入大學之前必讀的學校，因此它的設立與臺灣大學同時期。建於一九二九年，由總督府官房營繕課所設計，它的出現也可視為臺灣高等教育的里程碑。,臺北市大安區和平東路1段162號,無,全日開放,全日開放,全日開放,全日開放,全日開放,全日開放,全日開放
大安,宗教與古蹟,臺大校門,為原臺北帝國大學正門及守衛室，現仍為臺大主要校門，具有臺灣高等教育史上啟扉之象徵意義。近數十年來青年學子關懷校園與社會改革之言論廣場，深具空間見證之意義。,臺北市大安區羅斯福路四段一號 ( 學府里),無,全日開放,全日開放,全日開放,全日開放,全日開放,全日開放,全日開放
大安,宗教與古蹟,臺北工業學校紅樓,是日據時期臺灣最重要的工業學校，被認為是早期工業人才之搖籃，初設化工科、電機科、機械科及建築科等。,臺北市大安區忠孝東路3段1號,無,全日開放,全日開放,全日開放,全日開放,全日開放,全日開放,全日開放
大安,宗教與古蹟,芳蘭大厝,芳蘭大厝是臺北盆地四周近山地區僅存少數清代古宅之一，屋主陳家為福建泉州安溪移民。,臺北市大安區基隆路三段一五五巷一七四號 (學府里),無,全日開放,全日開放,全日開放,全日開放,全日開放,全日開放,全日開放
大安,宗教與古蹟,殷海光故居,為地上一層之日式木造房屋，建物所使用之建材雖非上品，且規模不大，但庭院頗具規模，建築物部分外觀、室內地板、天花板、部分的門已有改建，但仍留有隔牆。代表臺北地區最早發展之都市紋理。,臺北市大安區溫州街十八巷十六弄一之一號 (龍坡里),無,全日開放,全日開放,全日開放,全日開放,全日開放,全日開放,全日開放
大安,宗教與古蹟,龍安坡黃宅濂讓居,龍安坡為清代臺北盆地東邊近山地區由福建泉州府安溪移民所開墾之地，黃氏先人於清乾隆年間來臺（西元一七四０年），初先墾居淡水蕃薯寮，後再遷居臺北盆地，至第四代由數位兄弟合力建造大宅，即濂讓居。,臺北市大安區和平東路二段七十六巷四號 (龍門里),無,全日開放,全日開放,全日開放,全日開放,全日開放,全日開放,全日開放
大安,宗教與古蹟,紫藤廬,紫藤廬即為自由主義及社會、政治改革運動的空間代名詞，為了彰顯紫藤廬的文化價值，近年經過藝文界人士及業者奔走，免去被拆之浩劫，由臺北市政府鍵定為古蹟而獲保存。,臺北市大安區新生南路三段十六巷一號 (龍坡里),無,全日開放,全日開放,全日開放,全日開放,全日開放,全日開放,全日開放
大安,宗教與古蹟,義芳居古厝,義芳居古厝為臺北早期開拓者陳氏族人所建，義芳居陳氏家族，原籍屬福建省泉州府安溪縣，清乾隆年間，其始祖渡海來臺開墾。先前他們已有住屋，至清光緒初年才投下鉅資，建造義芳居。,臺北市大安區基隆路三段一五五巷一二八號 (學府里),無,全日開放,全日開放,全日開放,全日開放,全日開放,全日開放,全日開放
大安,休閒與生態,大安森林公園,公園位於台北市區中心，是一座草木濃密的生態公園，都會森林的型態被譽為台北市的「都市之肺」；其在興建之前被稱為「七號公園」，１９９４年３月２９日正式對外開放，當時曾是台北市區最大的公園。,臺北市大安區新生南路二段1號,無,全日開放,全日開放,全日開放,全日開放,全日開放,全日開放,全日開放
大安,休閒與生態,台大農場本場,是國立臺灣大學生物資源暨農學院的附屬農場。其中場本部與農藝區位於台灣大學校總區的東南角，面積５.７７公頃，另外還有園藝區、畜牧區、安康分場，全場總面積大約３０.３７公頃。,臺北市大安區基隆路四段42巷5號,無,08:00–17:00,08:00–17:00,08:00–17:00,08:00–17:00,08:00–17:00,不開放,不開放
大安,休閒與生態,第二霧裡薜圳支流遺址,霧裡薜圳是台北盆地內最早有興建的水圳紀錄，今日，圳道幾乎已經全部予以填平荒廢，僅殘留幾小段。因其名氣遠不如?公圳，因此常被誤認。而現在在台北市區內，只能透過少數帶狀公園窺見曾經水圳的足跡。,臺北市大安區溫州街47號,無,全日開放,全日開放,全日開放,全日開放,全日開放,全日開放,全日開放
大安,休閒與生態,富陽自然生態公園,除了山形與軍事遺跡外，富陽公園最為稱道的是公園內未被破壞的生物生態。其中，自然演替區、賞蝶區、大赤鼯鼠觀察區及台北樹蛙觀察區共擁有包括香楠、相思樹、白匏子、血桐等植物，與包含樹蛙、大赤鼯鼠等多樣動物。,臺北市大安區富陽街,無,全日開放,全日開放,全日開放,全日開放,全日開放,全日開放,全日開放
大安,休閒與生態,福州山公園,位於北二高台北聯絡道、辛亥路三段旁，海拔約１０５公尺，早期是公墓，民國８４年市政府為美化市容將公墓遷走，以自然生態保育為主，廣植林木，規劃為森林生態遊憩公園。,臺北市大安區臥龍街195巷,無,全日開放,全日開放,全日開放,全日開放,全日開放,全日開放,全日開放
大安,休閒與生態,醉月湖,醉月湖，舊稱牛湳池，為調節?公圳之用，位於國立臺灣大學校本部舊體育館後方，名列該校的十二景之一。,臺北市大安區羅斯福路四段1號,無,全日開放,全日開放,全日開放,全日開放,全日開放,全日開放,全日開放
大安,商圈,公館夜市商圈,主要地標有臺北捷運公館站、臺灣大學、臺灣科技大學、臺灣師範大學公館校區（師大分部）、水源市場、台北自來水園區和台電大樓。區內羅斯福路四段一帶被稱為公館商圈，商業繁盛。,臺北市大安區羅斯福路四段90巷,無,15:00–23:45,15:00–23:45,不開放,15:00–23:45,15:00–23:45,15:00–23:45,15:00–23:45
大安,商圈,師大商圈,因位於臺灣臺北市臺灣師範大學旁而得名，是臺北南區１９９０年代興起的商圈，後一度擴張成所謂的師大夜市，旋因住宅區居民訴諸居住正義、對油煙與噪音等公害的群起抗爭，而擺脫以餐飲為主的典型夜市樣態,臺北市大安區師大路39巷,無,08:00–22:00,08:00–22:00,08:00–22:00,08:00–22:00,08:00–22:00,08:00–22:00,08:00–22:00
大安,商圈,永康商圈,在這一帶聚集了各式各樣的店家，有許多著名的台灣小吃、外省美食、異國風味餐廳、飲料冰品店、獨特風格得咖啡廳和精品商店等。,臺北市大安區永康街,無,08:00–22:00,08:00–22:00,08:00–22:00,08:00–22:00,08:00–22:00,08:00–22:00,08:00–22:00
大安,商圈,東區商圈,是台北市另一個百貨公司聚集重地，目前百貨商場有誠品敦南店（Ｅｓｌｉｔｅ Ｘｉｎｙｉ Ｓｔｏｒｅ）、太平洋ＳＯＧＯ、頂好名店城等，都成為了東區商圈的大地標。,由復興南路以東、介於市民大道和信義路中間的區域,無,全日開放,全日開放,全日開放,全日開放,全日開放,全日開放,全日開放
大安,商圈,頂好商圈,周圍的道路系統縱橫交錯、井然有序，有大型的百貨公司和許多獨特風格的精品服飾店及其他書店、速食店、ＫＴＶ，還有台灣唯一２４小時不打烊的「誠品書店」，是一個交通便利、商業活動頻繁的購物休閒場所。,臺北市大安區忠孝東路四段,無,11:00–21:30,11:00–21:30,11:00–21:30,11:00–21:30,11:00–21:30,11:00–21:30,11:00–21:30
大安,商圈,通化街夜市,臨江街夜市，前人常稱通化街夜市，是台北市的一個觀光夜市，因其範圍在通化街與基隆路間的臨江街而得名。,臺北市大安區臨江街40巷1弄,無,18:00–00:00,18:00–00:00,18:00–00:00,18:00–00:00,18:00–00:00,18:00–00:00,18:00–00:00
大安,藝文與文化,臺大藝文中心雅頌坊,建築外觀是一座教堂，具有白色外牆及彩色玻璃窗，由國立臺灣大學藝文中心使用，舉辦音樂、戲劇、舞蹈、電影、展覽等藝文表演。位於國立臺灣大學欒樹道上，附近有管理學院一號館、管理學院教研館、食品科技館。,臺北市大安區羅斯福路四段1號,無,10:00~17:00,10:00~17:00,10:00~17:00,10:00~17:00,10:00~17:00,不開放,不開放
大安,藝文與文化,青田七六,為台北帝國大學教授住宅。為適應台灣的風土氣候，擷取日式建築中適合居住的空間，再融入洋式建築的優點所形成，洋式空間包括應接室、食堂、書齋等，皆設置在外側，和式空間則在內側，雖然歷經歲月但仍不失洋式和日式融合的建築特色。,臺北市大安區青田街7巷6號,無,不開放,11:30–14:00； 14:30–17:00； 17:30–21:00,11:30–14:00； 14:30–17:00； 17:30–21:00,11:30–14:00； 14:30–17:00； 17:30–21:00,11:30–14:00； 14:30–17:00； 17:30–21:00,11:30–14:00； 14:30–17:00； 17:30–21:00,11:30–14:00； 14:30–17:00； 17:30–21:00
大安,藝文與文化,清真寺,近代臺灣最早的回教建築。當時由於我國與世界回教國家外交往來頻繁，國內回教徒期盼殷切，由外交部長葉公超先生倡議，並由回教友邦資助籌款興建，在臺北市新生南路建造了仿伊斯蘭建築式樣的禮拜堂。,臺北市大安區新生南路二段62號,無,09:00~20:00,09:00~20:00,09:00~20:00,09:00~20:00,09:00~20:00,09:00~20:00,09:00~20:00
大安,藝文與文化,禮拜文房具,提供的商品以歐洲、美國與日本的文具為主，較多是具有悠久歷史的品牌跟經典文具。,臺北市大安區樂利路72巷15號,無,不開放,12:00–21:00,12:00–21:00,12:00–21:00,12:00–21:00,12:00–21:00,12:00–21:00
大安,藝文與文化,針線盒,《針線盒》理念在於「簡單創作」，不想讓忙碌淹沒某些初衷。因為是３０年未住人的倉庫，保留原樣貌的裝潢，檜木的落地窗、木紗門、鐵花窗等散發老台北的純樸的溫度。,臺北市大安區忠孝東路三段251巷12弄10號,無,13:00–19:00,不開放,不開放,不開放,13:00–19:00,13:00–19:00,13:00–19:00
大安,藝文與文化,看到藝術,「看到藝術」以藝術家為主導，透過專業策展與論述，希望能促進ㄧ般民眾對藝術的欣賞與理解，並成為發掘藝術家與嶄新觀點的實驗場域。,臺北市大安區泰順街60巷22號,無,不開放,12:00 – 19:00,12:00 – 19:00,12:00 – 19:00,12:00 – 19:00,12:00 – 19:00,不開放
信義,宗教與古蹟,松山慈惠堂,松山慈惠堂開山郭堂主葉子女士承天命，虔誠傳道濟世，又奉瑤池金母降旨興建大型濟世道場，終尋得現址，於民國７０年正式動土，不到兩年時間興建完成。,臺北市信義區福德街251巷33號,無,06:00-22:00,06:00-22:00,06:00-22:00,06:00-22:00,06:00-22:00,06:00-22:00,06:00-22:00
信義,宗教與古蹟,松山奉天宮,松山奉天宮坐落於虎豹獅象四獸山虎山麓，毗鄰拇指、筆架諸山，緊鄰市政府、信義商圈，遠眺大屯、七星、紗帽、觀音諸山峰。居高臨下，壯觀市容、美景盡收眼底。鬧中取靜，是市民爬山休閒、沉澱心靈的好去處。,臺北市信義區福德街221巷12號,無,08:00~21:00,08:00~21:00,08:00~21:00,08:00~21:00,08:00~21:00,08:00~21:00,08:00~21:00
信義,宗教與古蹟,天寶聖道宮,是松山區和信義區兩區的信仰中心。開山為白玉城居士，廟宇的組織型態為管理人制。原主祀玉皇大帝、瑤池金母，祭典日期則是每年農曆之正月初九。,臺北市信義區松山路664之10號,無,06:30-22:30,06:30-22:30,06:30-22:30,06:30-22:30,06:30-22:30,06:30-22:30,06:30-22:30
信義,宗教與古蹟,松山進安宮,松山進安宮是本地區宗教信仰中心。鎮殿主神：五年千歲、盧府千歲、侯府千歲、薛府千歲。於民國４８年（歲次己亥年）由馬鳴山鎮安宮分靈奠基駐駕濟世。,臺北市信義區永吉路517巷8弄12-3號,無,06:30-22:30,06:30-22:30,06:30-22:30,06:30-22:30,06:30-22:30,06:30-22:30,06:30-22:30
信義,宗教與古蹟,鐵路局臺北機廠澡堂,臺北機廠日據時期原稱臺北鐵道工廠，於民國２４年(西元１９３５年)落成，以廠房佈置緊湊、設備新穎，著稱於當時，其中員工澡堂於民國８９年由台北市政府公告為直轄市古蹟，具有歷史、文化、藝術價值。,臺北市信義區市民大道五段50號,無,08:30–17:30,08:30–17:30,08:30–17:30,08:30–17:30,08:30–17:30,不開放,不開放
信義,宗教與古蹟,松山五分埔福德宮,松山五分埔福德宮建於清道光２７年，迄今已１７０年，不但是在地民眾的信仰中心，也造就了五分埔成衣商圈的繁榮經濟，至今仍是臺灣成衣批發的最大集散地。,臺北市信義區虎林街47之3號,無,全日開放,全日開放,全日開放,全日開放,全日開放,全日開放,全日開放
信義,休閒與生態,淡蘭古道,為清代時期淡水廳到噶瑪蘭廳(現今臺北到宜蘭)的主要交通道路，於１８００至１９００年期間，正是北台灣漢民族開始由西部往東部發展的黃金時期，目前多數山徑仍是登山健行者的愛好秘徑。,臺北市信義區六張犁,無,全日開放,全日開放,全日開放,全日開放,全日開放,全日開放,全日開放
信義,休閒與生態,茶路古道,此山徑為臺北至宜蘭最直線路，約不到６０公里，遇戰亂，可急行軍趕赴解危。由艋舺武營口經大安區到信義區六張犁，此段在清未年間為拳山堡、深坑一帶所種茶葉運往臺北要道，故現稱為茶路古道。,臺北市信義區六張犁,無,全日開放,全日開放,全日開放,全日開放,全日開放,全日開放,全日開放
信義,休閒與生態,木柵嶺頭古道,由信義區六張犁經石泉巖祖師廟（創建於清道光２４年）上嶺後南行土地公嶺嶺頭線（莊敬隊道上方），經嶺頭土地公廟與石軍巖廟可下木柵、景美一帶。,臺北市信義區六張犁,無,全日開放,全日開放,全日開放,全日開放,全日開放,全日開放,全日開放
信義,休閒與生態,三張犁糶米古道,由三張犁吳興街６００巷１００弄底上嶺５００崁，經糶米公廟至越嶺口，左行經樟腳可至深坑；直下經坡內坑，可抵景美溪岸。由越嶺口右行可順茶路古道下至土地公嶺木柵或下石泉巖六張犁。,臺北市信義區三張犁吳興街600巷100弄,無,全日開放,全日開放,全日開放,全日開放,全日開放,全日開放,全日開放
信義,休閒與生態,ｉ-Rｉｄｅ TＡＩPＥＩ,源自每個人對飛的渴望，那種雙腳懸空、自由翱翔於雲端上的想像，現在就由「ｉ-Ｒｉｄｅ無限飛行事務局」帶你一同展開那身歷其境的冒險。ｉ-Ｒｉｄｅ擁有最先進的體感模擬系統，以最真實的感受，體驗漫遊空中的無限魅力。,臺北市信義區松智路17號6樓,480,11：00 ~ 21：30,11：00 ~ 21：30,11：00 ~ 21：30,11：00 ~ 22：00,11：00 ~ 22：00,11：00 ~ 22：00,11：00 ~ 21：30
信義,休閒與生態,虎山親山步道,虎山是台北市民假日休閒的好去處，海拔雖只有１４０公尺，卻展望良好，經常在轉彎之處看到台北１０１。景色寬闊，生態也十分豐富，除多種蕨類外，也是孕育螢火蟲、蛙類及蜻蜓等的最佳地點，兼具郊山健行與生態觀察的特色。,臺北市信義區福德街251巷33號,無,全日開放,全日開放,全日開放,全日開放,全日開放,全日開放,全日開放
信義,商圈,信義威秀商圈,是台北精緻時尚與都會名牌的潮爆區域，購物、娛樂、休閒、美食等活動應有盡有! 為新興商業區，乃目前臺北市最具指標性的時髦都會商圈。,臺北市信義區松壽路20號,無,全日開放,全日開放,全日開放,全日開放,全日開放,全日開放,全日開放
信義,商圈,吳興商圈,台北醫學院前面以吳興街為主的商圈，白天是傳統菜市場，晚上就搖身一變成為小型夜市。,臺北市信義區吳興街,無,07:00–01:00,07:00–01:00,07:00–01:00,07:00–01:00,07:00–01:00,07:00–01:00,07:00–01:00
信義,商圈,五分埔商圈,數百家的成衣業者在此聚集，貨源來自全臺。因款式眾多、剪裁流行，不少年輕族群也前來血拼，隨個人任意搭配，創造引人目光的時尚風格。當購物慾望出現，卻預算不足或不想荷包大失血時，最適合的地方就是五分埔。,臺北市信義區永吉路443巷9弄,無,14:00–23:00,14:00–23:00,14:00–23:00,14:00–23:00,14:00–23:00,14:00–23:00,14:00–23:00
信義,商圈,香堤大道廣場,創意廣告、裝置藝術作品等，妝點得活力十足的街道。假日會有很多街頭藝人表演，百貨公司地下街都有美食街，逛街購物吃美食的好地方。,臺北市信義區松高路12號,無,全日開放,全日開放,全日開放,全日開放,全日開放,全日開放,全日開放
信義,商圈,林口街商圈,在地人下班後或假日晚上常去的夜市，白天熱鬧菜市場，晚上則做起夜市生意。 位在饒河街與通化街夜市之間，仔細尋找這裡可是潛藏許多美味好料在其中，吸引許多美食愛好的「饕」寶秘密基地！,臺北市信義區林口街40-44號,無,07:00–01:00,07:00–01:00,07:00–01:00,07:00–01:00,07:00–01:00,07:00–01:00,07:00–01:00
信義,商圈,新光三越信義新天地,１９９７年∼２００５年四館陸續開業，與威秀影城一起帶動整個信義計畫區的繁榮，該分店目前由四棟大樓組成，各館之間以天橋和地下長廊串聯，棟與棟之間有許多活動廣場，並於樓層間設有花園，是目前信義計畫區內最繁榮的百貨群。,臺北市信義區松壽路11號,無,11:00–21:30,11:00–21:30,11:00–21:30,11:00–21:30,11:00–21:30,11:00–21:30,11:00–21:30
信義,藝文與文化,松山菸廠,建於１９３７年，前身為台灣日治時期「台灣總督府專賣局松山菸草工場」，於２０１０年正式轉型定名「松山文創園區」。松山菸廠在戰後種植大量植栽，景觀優美，停產後已經成為台北市東區最大的綠地。,臺北市信義區光復南路133號,無,09:00–18:00,09:00–18:00,09:00–18:00,09:00–18:00,09:00–18:00,09:00–18:00,09:00–18:00
信義,藝文與文化,國父紀念館,位於臺北東區的綜合性文化紀念設施，係紀念中華民國國父孫中山百年誕辰而興建，於１９７２啟用，館區總面積達三萬五千坪。除了具紀念功能外，建築本體周圍則是戶外運動、休閒、藝文與知性活動的綜合性休憩公園。,臺北市信義區仁愛路四段505號,無,09:00–18:00,09:00–18:00,09:00–18:00,09:00–18:00,09:00–18:00,09:00–18:00,09:00–18:00
信義,藝文與文化,幾米月亮巴士,「幾米月亮公車」由熊熊司機領航，從「遺忘站」開往「記住站」，裡頭搭載了抱著圓月的小男孩，車廂中充滿五彩繽紛的魔法書與活潑有趣的小角色，公車後方還有一顆顆反射出週遭景象的微笑星球。,臺北市信義區信義路五段100號,無,不開放,09:00–21:00,09:00–21:00,09:00–21:00,09:00–21:00,09:00–21:00,09:00–21:00
信義,藝文與文化,臺北101,樓高５０９.２公尺，地上樓層共有１０１層、另有地下５層，曾於２００４年１２月３１日至２０１０年１月４日間擁有世界第一高樓的紀錄，世界上第一棟超過５００公尺的建築物，目前為世界第十二高樓，為臺北重要地標之一。,臺北市信義區信義路五段7號,無,11:00~21:30,11:00~21:30,11:00~21:30,11:00~21:30,11:00~22:00,11:00~22:00,11:00~21:30
信義,藝文與文化,台北探索館,昔日為「市政資料館」。它除了在探尋台北市歷史文化的軌跡，了解現今台北的人文、社會及各項藝文生活資源外，另外也在使民眾了解台北市的重大公共建設發展及與國際交流互動的情形。目前位於台北市市政大樓門廳右側。,臺北市信義區市府路1號,無,不開放,09:00–17:00,09:00–17:00,09:00–17:00,09:00–17:00,09:00–17:00,09:00–17:00
信義,藝文與文化,四四南村,為台北市第一個眷村，由於位在陸軍庫房聯勤第四十四兵工廠的南邊因而命名。直自１９９９年，將代表性的部分房舍更改建成「信義公民會館」，包含特展館、眷村展示館、展演館、社區館、四四廣場及文化公園等多元化展覽用途。,臺北市信義區信義路五段24巷5弄24號,無,9:00∼16:00,9:00∼16:00,9:00∼16:00,9:00∼16:00,9:00∼16:00,9:00∼16:00,9:00∼16:00
南港,宗教與古蹟,松山療養所所長宿舍,本建物為日據時期松山療養所所長官舍，創建年代約１９３６年，所在區域原為防癆病院區宿舍區，建物內部都是原物，相當難得。,臺北市南港區昆陽街164號,無,全日開放,全日開放,全日開放,全日開放,全日開放,全日開放,全日開放
南港,宗教與古蹟,南港煙囪,南港煙囪創建年代約於西元１９５９年，煙囪經多次修改，結構不佳，位於南港輪胎股份有限公司南港廠內鍋爐室，可見證臺北黑鄉與南港地區的發展,臺北市南港區南港路二段51號,無,全日開放,全日開放,全日開放,全日開放,全日開放,全日開放,全日開放
南港,宗教與古蹟,南港瓶蓋工廠,１９４３年由日人設立的「國產軟木工業株式會社」，臺灣光復後由今臺灣菸酒股份有限公司接管並先後改名為「木栓工廠」及「臺灣省菸酒公賣局瓶蓋工廠」，專門生產公賣局所屬１４家酒廠酒類包裝所需各種瓶蓋、軟木栓等產品。,臺北市南港區南港路2段13號,無,不開放,不開放,不開放,不開放,不開放,不開放,不開放
南港,宗教與古蹟,港仔口老街,三重埔靠近基隆河與大坑溪會流的地方，叫「港仔口」，是三重埔最早開發的地區，也是南港河運的起點。,臺北市南港區南港路一段10巷,無,全日開放,全日開放,全日開放,全日開放,全日開放,全日開放,全日開放
南港,宗教與古蹟,闕家古厝,世居南港的闕家，人丁旺盛，闕家古厝為三合院，正廳頂上鋪稻草，每兩年換一次。宅院建有二樓閣房，有瞭望守衛之功能。闕家老者口述：此大厝地理風水為牛穴，山為牛神，大廳頂鋪稻草及前端池塘，均有供牛飲食之意。,臺北市南港區研究院路一段120號,無,全日開放，族人居住，注意禮儀,全日開放，族人居住，注意禮儀,全日開放，族人居住，注意禮儀,全日開放，族人居住，注意禮儀,全日開放，族人居住，注意禮儀,全日開放，族人居住，注意禮儀,全日開放，族人居住，注意禮儀
南港,宗教與古蹟,畚箕湖余家古厝,完整土埆厝三合院，現今十分罕見。二百年前先祖由安溪來台，百年前曾因陳秋菊抗日，民軍於附近襲殺一日本巡查，報復燒莊波及重建後保持至今。屋外有胸圍２７０公分的老樟樹在入口處，日治時曾被樟腦專賣會社列入砍伐，余家私賄倖存下來。,臺北市南港區舊莊路二段316巷5號,無,全日開放,全日開放,全日開放,全日開放,全日開放,全日開放,全日開放
南港,休閒與生態,南港茶葉製造示範場,示範場內部設有製茶機械展示教學室、茶文物特展室、茶葉評鑑區、茶葉活動實習教學區等，帶領民眾認識茶葉製作過程、見證南港茶葉興盛歷史，同時還能親自動手泡茶，學習沖泡、品嘗最具風味的南港包種茶。,臺北市南港區舊莊街二段336號,150,10:00 – 17:00,10:00 – 17:00,10:00 – 17:00,10:00 – 17:00,10:00 – 17:00,10:00 – 17:00,10:00 – 17:00
南港,休閒與生態,椿萱農場,原名南港第一市民農場的椿萱農場，轉型為兼具教育與休閒功能的綜合性農園，園區內種植一千多株的香椿樹、金針花及桂花樹，同時設有樹屋和觀景台供民眾優遊賞景。,臺北市南港區舊莊街二段122巷11號,無,09:00 – 17:00,09:00 – 17:00,09:00 – 17:00,09:00 – 17:00,09:00 – 17:00,09:00 – 17:00,09:00 – 17:00
南港,休閒與生態,大坑溪桂花吊橋親水步道,桂花在南港茶山的栽培歷史和包種茶一樣久，因為最早它是製作香片花茶的附香材料。桂花吊橋是南港山的秘密花園，小橋流水、精緻迷你，是平穩且乾淨的步道，兩者總長不到一公里，可居高遠眺臺北盆地，能見識南港當地特色植物與煤礦露層。,臺北市南港區舊莊街二段334號,無,全日開放,全日開放,全日開放,全日開放,全日開放,全日開放,全日開放
南港,休閒與生態,環山棧道,可居高遠眺臺北盆地，還能見識南港當地特色植物與煤礦露層,臺北市南港區舊莊街二段336號,無,全日開放,全日開放,全日開放,全日開放,全日開放,全日開放,全日開放
南港,休閒與生態,南港觀光茶園,海拔２００至３００公尺，土壤富含岩礫，雨量適中，適合茶樹生長，是百餘年前南港包種茶的發源地。然而，隨著戰爭與煤礦產業興起，茶園大量減少，民國７１年設置觀光茶園，加上當地青年的大力推廣，才重新找回昔日風光。,臺北市南港區舊莊街二段,無,全日開放,全日開放,全日開放,全日開放,全日開放,全日開放,全日開放
南港,休閒與生態,十八羅漢洞,"質地堅硬，經侵蝕風化後，形成數個巨大石塊，好似十八個羅漢。從前洞內聚集成千上萬的蝙蝠，又稱為""密婆洞""。民國７４年有老師父修行故而封洞，勝地內有一座台北市僅存的木板吊橋，全長５０公尺，橋名「舜若多橋」。",臺北市南港區研究院路三段,無,全日開放,全日開放,全日開放,全日開放,全日開放,全日開放,全日開放
南港,休閒與生態,南港山系-更寮古道親山步道,更寮古道親山步道是早年南港通往深坑和石碇的五條古道中，保存最完整且仍使用的古道。現今已鋪上花崗石步階，然而起訖狹窄的路況，仍顯現古老粗獷的原始味。更寮古道後段與栳寮古道銜接，曾經是運送、製造樟腦的場區，舊名就叫腦寮古道。,臺北市南港區舊莊街二段122巷,無,全日開放,全日開放,全日開放,全日開放,全日開放,全日開放,全日開放
南港,商圈,南港車站,除了為縱貫鐵路、捷運以及高鐵的交通樞紐，更有ＣＩＴＹＬＩＮＫ和環球購物中心進駐,臺北市南港區南港路一段313號,無,05:00 – 00:00,05:00 – 00:00,05:00 – 00:00,05:00 – 00:00,05:00 – 00:00,05:00 – 00:00,05:00 – 00:00
南港,商圈,市民大夜市,名字雖有個「大」字，但是繞完夜市一圈僅需花費五分鐘，不過內部仍有不錯的小吃攤位進駐,臺北市南港區市民大道八段近興華路口,無,不開放,18:00 – 00:00,不開放,不開放,不開放,18:00 – 00:00,不開放
南港,商圈,中研院商圈,以中研院為發展核心的中研商圈，受大自然環抱，人口密度低，坐擁得天獨厚的山水美景；自給自足的商圈內，傳統市場、超市及餐廳林立，且鄰近以包種茶與桂花聞名的舊莊茶山，適合喜愛慢活步調的人。,臺北市南港區研究院路二段,無,全日開放,全日開放,全日開放,全日開放,全日開放,全日開放,全日開放
南港,商圈,中國信託金融園區,４０間以上的餐廳與服飾用品店進駐。內部另設有一「文薈館」，展示中國信託金控創辦人辜?松先生的個人物品、珍貴手稿及運用高科技３Ｄ浮空投影技術，活現辜?松先生為臺灣爭取外交空間之人生理念。另外有冬季才開放的戶外滑冰場。,臺北市南港區經貿二路168-188號,無,11:00 – 21:30,11:00 – 21:30,11:00 – 21:30,11:00 – 21:30,11:00 – 21:30,11:00 – 21:30,11:00 – 21:30
南港,商圈,南港軟體園區,知識型工業園區。產業以軟體ＩＣ設計、數位創意、生物科技及文化創意等知識密集型產業為主，允許支援性服務產業進駐以完備園區生活機能，並保留引進新興產業的彈性，以增加產業競爭力。,臺北市南港區台北市南港區三重路19號,無,全日開放,全日開放,全日開放,全日開放,全日開放,全日開放,全日開放
南港,商圈,北部流行音樂中心,北部流行音樂中心的主要目標是開闢一片專屬的園地，讓臺灣流行音樂的生命力能在此永續地紮根、茁壯，協助國內流行音樂產業迎接挑戰，以主廳館、文化館及音樂產業區三棟建築物為主題。,臺北市南港區向陽路與忠孝東路交叉口,無,不開放,不開放,不開放,不開放,不開放,不開放,不開放
南港,藝文與文化,胡適紀念館,一為胡適先生晚年回台灣出任中研院院長的南港住宅，建築本體與擺設大體上保持原貌。二為陳列室：展示胡適先生的著作、手稿、照片、遺物與紀念物，以及胡適在台灣的記錄片等。三為胡適公園：公園內保有胡適先生的墓園。,臺北市南港區研究院路二段130號,無,不開放,09:00 – 17:00,09:00 – 17:00,09:00 – 17:00,09:00 – 17:00,09:00 – 17:00,不開放
南港,藝文與文化,蔡元培紀念館,１９５９年胡適院長任內建立，早年是召開院士會議及評議會所在。以開放空間展示蔡元培先生手稿、著作，陳列先生與重要友人之往來及生平事蹟。以自然、開放與多樣性的多元觀點建立新空間的價值，具有承先啟後的濃厚意義。,臺北市南港區研究院路二段128號,無,11:00 – 17:00,11:00 – 17:00,11:00 – 17:00,11:00 – 17:00,11:00 – 17:00,11:00 – 17:00,不開放
南港,藝文與文化,中研院歷史文物陳列館,本館的館藏品與一般藝術博物館所蒐集的藏品最大不同處在於﹕它們不僅具備文物本身的歷史文化與考古知識的價值，同時也具體說明史語所自 １９２０年代後期以來 ，以及 近代中國學術史的發展背景。,臺北市南港區研究院路二段130號,無,不開放,不開放,09:30 – 16:30,不開放,不開放,09:30 – 16:30,09:30 – 16:30
南港,藝文與文化,南港瓶蓋工廠,１９４３年由日人設立的「國產軟木工業株式會社」，臺灣光復後由今臺灣菸酒股份有限公司接管並先後改名為「木栓工廠」及「臺灣省菸酒公賣局瓶蓋工廠」，專門生產公賣局所屬１４家酒廠酒類包裝所需各種瓶蓋、軟木栓等產品。,臺北市南港區南港路2段13號,無,不開放,不開放,不開放,不開放,不開放,不開放,不開放
南港,藝文與文化,台灣精品館,為全台首座彰顯台灣精品「研發創新、設計美學、品質精良、行銷全球」的創新園地。館內１樓大門入口面對花博公園，２樓展館有長期展示區(資通訊展示區、運動休閒區、文創區)及短期主題區(每季更換展品),臺北市南港區經貿二路1號,無,不開放,09:30 – 17:30,09:30 – 17:30,09:30 – 17:30,09:30 – 17:30,09:30 – 17:30,09:30 – 17:30
南港,藝文與文化,幾米主題南港站,南港捷運站內總共有６幅大型彩色壁畫，在幾米細膩的筆觸及觀察下，列車未到，車上風光已經一覽無遺，有看報的阿伯、通勤的上班族，以及沒有座位、百無聊賴的小孩，幻想著巫婆飛過車窗，小豬、兔子在原野上奔跑，與火車競賽的畫面。,臺北市南港區忠孝東路7段380號,無,06:00 – 00:00,06:00 – 00:00,06:00 – 00:00,06:00 – 00:00,06:00 – 00:00,06:00 – 00:00,06:00 – 00:00
文山,宗教與古蹟,革命實踐研究院院舍——秋瑾堂、育樂室、民眾會堂、保健所,革命實踐研究院為中國國民黨研究及教育訓練場，於民國３８年１０月１６日創辦於陽明山，民國４２年７月於木柵中興山莊成立分院。民國８３年１月革命實踐研究院由陽明山搬回木柵。８９年１０月２５日改名為「國家發展研究院」沿用至今。,臺北市文山區木柵路一段290號,無,全日開放,全日開放,全日開放,全日開放,全日開放,全日開放,全日開放
文山,宗教與古蹟,興福庄建塚紀念碑,本碑約建於１９２９年，紀念當時有心人士集資購地供萬華、古亭地區窮苦人家安葬之用，喪葬之用地約有三十餘甲規模大。昭和四年在台北州允準捐金購地後，得到北市諸多鄉紳商戶(辜顯榮、陳天來)捐款，並限於臺北市。,臺北市文山區興隆路2段203巷,無,全日開放,全日開放,全日開放,全日開放,全日開放,全日開放,全日開放
文山,宗教與古蹟,革命實踐研究院司令臺,「革命實踐研究院司令臺」為當年先總統蔣公向來院受訓幹部講話之司令臺，具文化資產價值。,臺北市文山區木柵路一段321號,無,全日開放,全日開放,全日開放,全日開放,全日開放,全日開放,全日開放
文山,宗教與古蹟,指南宮,指南宮位於臺北市文山區指南山麓，主祀神純陽祖師呂洞賓，宮殿園區佔地廣，古木參天，濃蔭蔽日。全宮共有純陽寶殿、凌霄寶殿、大雄寶殿及大成寶殿４大殿宇。主殿均是依山而建，宏偉莊嚴。,臺北市文山區萬壽路115號,無,04:00 – 20:00,04:00 – 20:00,04:00 – 20:00,04:00 – 20:00,04:00 – 20:00,04:00 – 20:00,04:00 – 20:00
文山,宗教與古蹟,集應廟,早期移民為求心靈安定，於是從原鄉請來清水祖師並在新店溪及景美溪交會處建「萬慶巖」奉伺，。現除原鄉請來之三尊神像為鎮廟之寶外，另外具百年以上歷史的「門開甘露」匾額及刻有道光戊戌年的「萬慶岩」石製香爐亦為見證歷史的重要文物。,臺北市文山區景美街37號,無,06:00 – 21:00,06:00 – 21:00,06:00 – 21:00,06:00 – 21:00,06:00 – 21:00,06:00 – 21:00,06:00 – 21:00
文山,宗教與古蹟,景美開道碑,現位於景美橋橋頭，近景美國小圍牆旁。石碑於１９０９年（明治四十二年）所立，碑文由清末台灣最後一位舉人高選鋒所撰寫，記載?公圳改道後，舊圳道填平及興築木柵路的歷史。,臺北市文山區景文街142巷,無,全日開放,全日開放,全日開放,全日開放,全日開放,全日開放,全日開放
文山,休閒與生態,臺北市立動物園,臺北市立動物園是世界前十大都市型的動物園之一，搭捷運木柵線到最後一站就可以抵達。園區內有超過四百種的動物，是東南亞規模最大的動物園。園區內有７個室內展示館，還有８個戶外展示區，展出梅花鹿、臺灣黑熊等台灣特有種。,臺北市文山區新光路二段30號,60,不開放,09:00 – 17:00,09:00 – 17:00,09:00 – 17:00,09:00 – 17:00,08:30 – 17:00,08:30 – 17:00
文山,休閒與生態,貓空纜車,貓空纜車是臺北市內的第一條纜車系統。當坐上纜車，隨著山勢的起伏前進，可眺望行進中的捷運列車、景美溪畔的河濱公園和長頸鹿焚化爐，抵達終點貓空站時，邊品嚐美味的特色茶餐，邊欣賞臺北盆地的美景，才算不虛此行！,臺北市文山區萬興里新光路2段8號,120,不開放,09:00 – 21:00,09:00 – 21:00,09:00 – 21:00,09:00 – 22:00,08:30 – 22:00,08:30 – 21:00
文山,休閒與生態,景美溪自行車道,有青山綠水相伴的景美溪左、右岸自行車道，沿線有動物園，政大球場及青草綠茵，溪流常有魚群穿梭，是適合攜家帶眷全家出遊的路線。此外，於道南河濱公園內還設有各式各樣的運動場所，是一個充滿活力的自行車道。,臺北市文山區景美溪左右岸,無,全日開放,全日開放,全日開放,全日開放,全日開放,全日開放,全日開放
文山,休閒與生態,福德坑環保復育公園,福德坑環保復育公園，是一座由垃圾掩埋場轉型的環保公園，設施除了自行車道、人行步道、太陽廣場(草坪)、遙控飛機場外，假日更免費提供滑草服務，是出遊的好去處。,臺北市文山區木柵路五段43巷151號,無,全日開放,全日開放,全日開放,全日開放,全日開放,全日開放,全日開放
文山,休閒與生態,仙跡岩,仙跡岩位於景美地區，周邊視野景觀良好，沿途種類繁多的綠色植被、山頂的仙跡岩大石上、健康步道及仙岩廟皆可遠眺臺北盆地街景，景色幽靜而宜人。,臺北市文山區景興路243巷,無,全日開放,全日開放,全日開放,全日開放,全日開放,全日開放,全日開放
文山,休閒與生態,臺北花木批發市場,台北花木批發市場提供花卉零批商務採購的功能，另外還有提供庭園造景服務的景觀設計店家，從室內的花卉盆栽設計到綠意空間規劃，全都能一手包辦，是許多室內設計師、花店、花藝設計師等專業人士常來挑選挖寶的好地方。,臺北市文山區興隆路一段15號,無,不開放,09:00 – 18:00,09:00 – 18:00,09:00 – 18:00,09:00 – 18:00,09:00 – 18:00,09:00 – 18:00
文山,休閒與生態,文山景美運動公園,設有舞台供社區民眾舉辦活動，並有兒童遊戲區、體健設施、具夜間照明的籃球場與ＰＵ跑道，公園與街道相連處設有迎賓廣場、種子廣場與葉子廣場。山腳邊設有人工的生態水池，可承接山上流下的水源而有防洪功能，公園中央則為開闊的大草皮。,臺北市文山區景豐街80號,無,全日開放,全日開放,全日開放,全日開放,全日開放,全日開放,全日開放
文山,休閒與生態,木柵公園,園內設有登山步道、階梯、溜冰場、涼亭、兒童遊戲場、公廁及環湖步道等設施。池塘「萃湖」係早期軍方時代之國防設施或營區設置之備用水源設施，池塘內栽植有水生植物，湖邊綠葉扶疏，環繞湖面四周亦錯落著豐富的老樹群。,臺北市文山區興隆路四段50號,無,全日開放,全日開放,全日開放,全日開放,全日開放,全日開放,全日開放
文山,休閒與生態,140高地公園,１４０高地公園位於台北市文山區，為營造永續的生態環境，在開闢時儘可能維持原有地貌，避免破壞動植物棲地，園內僅設置必要的設施及步道串聯周邊綠地，提供市民一處自然的運動與休憩場所。,臺北市文山區萬寧街125號,無,全日開放,全日開放,全日開放,全日開放,全日開放,全日開放,全日開放
文山,休閒與生態,貓空親山步道,貓空親山步道以指南宮步道、大成殿步道及茶展中心步道為主。指南宮步道有著濃郁的日式和風建築風格，極為古樸典雅而珍貴；大成殿步道沿途碎石和松木棧道交錯，路旁油桐樹林蔭密佈；茶展中心步道可見溪流、茶園、梯田等風光。,臺北市文山區指南路三段33巷,無,全日開放,全日開放,全日開放,全日開放,全日開放,全日開放,全日開放
文山,休閒與生態,政治大學,享譽台灣的大專院校，更以政大十景聞名全台，分別是「日昇」、「日落」、「春耕」、「夏耘」、「秋收」、「冬藏」、「親民」、「愛物」、「精實」和「誠心」，每一景具特色的景觀外，代表的意義也相當深遠，是書香芬芳、景色優美的所在。,臺北市文山區指南路二段64號,無,全日開放,全日開放,全日開放,全日開放,全日開放,全日開放,全日開放
文山,休閒與生態,杏花林,此杏花林是茶農張家的私人花園，數以千計的杏樹全由張丁頂老先生一手裁種，分為三區，每區均鋪設了石板步道，曲徑通幽，不時可見樹齡達數十年的老杏樹，枝幹蒼勁挺拔，卻不減花朵柔麗的姿態。,臺北市文山區老泉街45巷27號之3,無,不開放,不開放,不開放,不開放,不開放,09:00 – 21:00,09:00 – 21:00
文山,商圈,木柵市場,木柵市場被作家劉克襄譽為台北盆地的清明上河圖，其生鮮食材來源除了周遭貓空、草湳山區的農作，石碇、深坑、平溪的產品，甚至宜蘭員山絲瓜、三星蔥皆由產地直銷而來。此外市場內外的美食也是不可錯過的去處。,臺北市文山區保儀路13巷3號,無,07:00 – 17:00,07:00 – 17:00,07:00 – 17:00,07:00 – 17:00,07:00 – 17:00,07:00 – 17:00,07:00 – 17:00
文山,商圈,景美夜市,多達數百家攤販的景美夜市，有３０多年歷史，也是典型的傳統小吃，價格便宜。為了便於管理，將攤位全部集中在方形區域內。另一邊的『景美公有市場』，也是夜市的一部份，除了吃的，還有販賣服飾、ＣＤ、五金百貨等等。,臺北市文山區景美街周遭,無,18:00 – 24:00,18:00 – 24:00,18:00 – 24:00,18:00 – 24:00,18:00 – 24:00,18:00 – 24:00,18:00 – 24:00
文山,商圈,台北花木批發市場,台北花木批發市場提供花卉零批商務採購的功能，另外還有提供庭園造景服務的景觀設計店家，從室內的花卉盆栽設計到綠意空間規劃，全都能一手包辦，是許多室內設計師、花店、花藝設計師等專業人士常來挑選挖寶的好地方。,臺北市文山區興隆路一段15號,無,不開放,09:00 – 18:00,09:00 – 18:00,09:00 – 18:00,09:00 – 18:00,09:00 – 18:00,09:00 – 18:00
文山,商圈,萬芳商圈,萬芳醫院商圈有醫院加持，加上附近有３所大專院校的消費力支撐，往返木柵和景美的人潮，附近生活機能強大，周邊更因此形成商圈，連鎖店家林立。,臺北市文山區興隆路三段,無,07:00 – 21:00,07:00 – 21:00,07:00 – 21:00,07:00 – 21:00,07:00 – 21:00,07:00 – 21:00,07:00 – 21:00
文山,商圈,木新路商圈,台北市文山區木新商圈擁有景美溪景觀休憩綠地，環境清幽加上生活機能成熟、學區優良，商圈周邊公園與校園林立、巷弄內美食聚集，加上「有山有水」視野。,臺北市文山區木新路三段,無,07:00 – 22:00,07:00 – 22:00,07:00 – 22:00,07:00 – 22:00,07:00 – 22:00,07:00 – 22:00,07:00 – 22:00
文山,藝文與文化,政治大學,享譽台灣的大專院校，更以政大十景聞名全台，分別是「日昇」、「日落」、「春耕」、「夏耘」、「秋收」、「冬藏」、「親民」、「愛物」、「精實」和「誠心」，每一景具特色的景觀外，代表的意義也相當深遠，是書香芬芳、景色優美的所在。,臺北市文山區指南路二段64號,無,全日開放,全日開放,全日開放,全日開放,全日開放,全日開放,全日開放
文山,藝文與文化,文山公民會館,原為長年閒置、外觀陳舊之木柵國民小學校長宿舍，經翻修整建後，蛻變為充滿日式樸實與現代感交融的雅致建築，可做為教學、公共藝術、大樹教室及多元展示空間，不定期邀請藝術文化工作者、團體、社區等於１、２樓辦理各項藝術創作展覽。,臺北市文山區木柵路三段189號,無,09:00 – 17:00,09:00 – 17:00,09:00 – 17:00,09:00 – 17:00,09:00 – 17:00,09:00 – 17:00,不開放
文山,藝文與文化,化南新村,化南新村為早期國立政治大學於１９６０年代初期所興建之教職員宿舍，化南新村的建築為雙拼式之兩層樓房，外牆呈Ｚ字型，具有強化功能與明暗相間效果，為臺灣少見戰後文教建築，反映臺籍、外省籍族群相互交融的時代背景。,臺北市文山區新光路一段65巷95號,無,全日開放,全日開放,全日開放,全日開放,全日開放,全日開放,全日開放
文山,藝文與文化,文山劇場,文山劇場緊鄰捷運景美站，為一社區型藝文空間，提供閱覽室及場地租借服務，館內除了有常駐展覽外，假日不定期會有劇場表演，座位舒適寬敞，適合親子活動。,臺北市文山區景文街32號,無,不開放,09:00 – 17:00,09:00 – 17:00,09:00 – 17:00,09:00 – 17:00,09:00 – 17:00,09:00 – 17:00
文山,藝文與文化,優人神鼓山上劇場,優人神鼓山上劇場為全台唯一的山上露天劇場，為其藝術總監劉若瑀所建立的，目的是為了遠離市區的喧囂，讓劇組成員能將擊鼓、靜坐和中國武術能夠合而為一，在此可眺望台北盆地，平日也有許多登山客在此健行尋幽。,臺北市文山區木新路二段156-1號,無,全日開放,全日開放,全日開放,全日開放,全日開放,全日開放,全日開放
,,,,,,,,,,,,
